timestamp,video_path,dlc_path,frame,dlc_row,edited_point,image_path,label_path
2026-02-27T13:21:56.361240Z,/Volumes/Data/Bareket/experiments/reptilearn4/PV82/20260123/block3/videos/front_20260123T102239.mp4,/Volumes/Data/Bareket/experiments/reptilearn4/PV82/20260123/block3/videos/predictions/front_head_only_resnet_152__front_20260123T102239.parquet,0,0,NO_HEAD,/Users/bareketdamari/Dev/PreyTouch/sandbox/videos/manual_labels/front_20260123T102239__0c66a3a4c5/images/train/front_20260123T102239_f0000000.png,/Users/bareketdamari/Dev/PreyTouch/sandbox/videos/manual_labels/front_20260123T102239__0c66a3a4c5/labels/train/front_20260123T102239_f0000000.txt
2026-02-27T13:21:56.435315Z,/Volumes/Data/Bareket/experiments/reptilearn4/PV82/20260123/block3/videos/front_20260123T102239.mp4,/Volumes/Data/Bareket/experiments/reptilearn4/PV82/20260123/block3/videos/predictions/front_head_only_resnet_152__front_20260123T102239.parquet,1,1,APPLY_NEXT10,/Users/bareketdamari/Dev/PreyTouch/sandbox/videos/manual_labels/front_20260123T102239__0c66a3a4c5/images/train/front_20260123T102239_f0000001.png,/Users/bareketdamari/Dev/PreyTouch/sandbox/videos/manual_labels/front_20260123T102239__0c66a3a4c5/labels/train/front_20260123T102239_f0000001.txt
2026-02-27T13:21:56.508307Z,/Volumes/Data/Bareket/experiments/reptilearn4/PV82/20260123/block3/videos/front_20260123T102239.mp4,/Volumes/Data/Bareket/experiments/reptilearn4/PV82/20260123/block3/videos/predictions/front_head_only_resnet_152__front_20260123T102239.parquet,2,2,APPLY_NEXT10,/Users/bareketdamari/Dev/PreyTouch/sandbox/videos/manual_labels/front_20260123T102239__0c66a3a4c5/images/train/front_20260123T102239_f0000002.png,/Users/bareketdamari/Dev/PreyTouch/sandbox/videos/manual_labels/front_20260123T102239__0c66a3a4c5/labels/train/front_20260123T102239_f0000002.txt
2026-02-27T13:21:56.582719Z,/Volumes/Data/Bareket/experiments/reptilearn4/PV82/20260123/block3/videos/front_20260123T102239.mp4,/Volumes/Data/Bareket/experiments/reptilearn4/PV82/20260123/block3/videos/predictions/front_head_only_resnet_152__front_20260123T102239.parquet,3,3,APPLY_NEXT10,/Users/bareketdamari/Dev/PreyTouch/sandbox/videos/manual_labels/front_20260123T102239__0c66a3a4c5/images/train/front_20260123T102239_f0000003.png,/Users/bareketdamari/Dev/PreyTouch/sandbox/videos/manual_labels/front_20260123T102239__0c66a3a4c5/labels/train/front_20260123T102239_f0000003.txt
2026-02-27T13:21:56.658945Z,/Volumes/Data/Bareket/experiments/reptilearn4/PV82/20260123/block3/videos/front_20260123T102239.mp4,/Volumes/Data/Bareket/experiments/reptilearn4/PV82/20260123/block3/videos/predictions/front_head_only_resnet_152__front_20260123T102239.parquet,4,4,APPLY_NEXT10,/Users/bareketdamari/Dev/PreyTouch/sandbox/videos/manual_labels/front_20260123T102239__0c66a3a4c5/images/train/front_20260123T102239_f0000004.png,/Users/bareketdamari/Dev/PreyTouch/sandbox/videos/manual_labels/front_20260123T102239__0c66a3a4c5/labels/train/front_20260123T102239_f0000004.txt
2026-02-27T13:21:56.737890Z,/Volumes/Data/Bareket/experiments/reptilearn4/PV82/20260123/block3/videos/front_20260123T102239.mp4,/Volumes/Data/Bareket/experiments/reptilearn4/PV82/20260123/block3/videos/predictions/front_head_only_resnet_152__front_20260123T102239.parquet,5,5,APPLY_NEXT10,/Users/bareketdamari/Dev/PreyTouch/sandbox/videos/manual_labels/front_20260123T102239__0c66a3a4c5/images/train/front_20260123T102239_f0000005.png,/Users/bareketdamari/Dev/PreyTouch/sandbox/videos/manual_labels/front_20260123T102239__0c66a3a4c5/labels/train/front_20260123T102239_f0000005.txt
2026-02-27T13:21:56.825342Z,/Volumes/Data/Bareket/experiments/reptilearn4/PV82/20260123/block3/videos/front_20260123T102239.mp4,/Volumes/Data/Bareket/experiments/reptilearn4/PV82/20260123/block3/videos/predictions/front_head_only_resnet_152__front_20260123T102239.parquet,6,6,APPLY_NEXT10,/Users/bareketdamari/Dev/PreyTouch/sandbox/videos/manual_labels/front_20260123T102239__0c66a3a4c5/images/train/front_20260123T102239_f0000006.png,/Users/bareketdamari/Dev/PreyTouch/sandbox/videos/manual_labels/front_20260123T102239__0c66a3a4c5/labels/train/front_20260123T102239_f0000006.txt
2026-02-27T13:21:56.903663Z,/Volumes/Data/Bareket/experiments/reptilearn4/PV82/20260123/block3/videos/front_20260123T102239.mp4,/Volumes/Data/Bareket/experiments/reptilearn4/PV82/20260123/block3/videos/predictions/front_head_only_resnet_152__front_20260123T102239.parquet,7,7,APPLY_NEXT10,/Users/bareketdamari/Dev/PreyTouch/sandbox/videos/manual_labels/front_20260123T102239__0c66a3a4c5/images/train/front_20260123T102239_f0000007.png,/Users/bareketdamari/Dev/PreyTouch/sandbox/videos/manual_labels/front_20260123T102239__0c66a3a4c5/labels/train/front_20260123T102239_f0000007.txt
2026-02-27T13:21:56.983552Z,/Volumes/Data/Bareket/experiments/reptilearn4/PV82/20260123/block3/videos/front_20260123T102239.mp4,/Volumes/Data/Bareket/experiments/reptilearn4/PV82/20260123/block3/videos/predictions/front_head_only_resnet_152__front_20260123T102239.parquet,8,8,APPLY_NEXT10,/Users/bareketdamari/Dev/PreyTouch/sandbox/videos/manual_labels/front_20260123T102239__0c66a3a4c5/images/train/front_20260123T102239_f0000008.png,/Users/bareketdamari/Dev/PreyTouch/sandbox/videos/manual_labels/front_20260123T102239__0c66a3a4c5/labels/train/front_20260123T102239_f0000008.txt
2026-02-27T13:21:57.063441Z,/Volumes/Data/Bareket/experiments/reptilearn4/PV82/20260123/block3/videos/front_20260123T102239.mp4,/Volumes/Data/Bareket/experiments/reptilearn4/PV82/20260123/block3/videos/predictions/front_head_only_resnet_152__front_20260123T102239.parquet,9,9,APPLY_NEXT10,/Users/bareketdamari/Dev/PreyTouch/sandbox/videos/manual_labels/front_20260123T102239__0c66a3a4c5/images/train/front_20260123T102239_f0000009.png,/Users/bareketdamari/Dev/PreyTouch/sandbox/videos/manual_labels/front_20260123T102239__0c66a3a4c5/labels/train/front_20260123T102239_f0000009.txt
2026-02-27T13:21:57.141515Z,/Volumes/Data/Bareket/experiments/reptilearn4/PV82/20260123/block3/videos/front_20260123T102239.mp4,/Volumes/Data/Bareket/experiments/reptilearn4/PV82/20260123/block3/videos/predictions/front_head_only_resnet_152__front_20260123T102239.parquet,10,10,APPLY_NEXT10,/Users/bareketdamari/Dev/PreyTouch/sandbox/videos/manual_labels/front_20260123T102239__0c66a3a4c5/images/train/front_20260123T102239_f0000010.png,/Users/bareketdamari/Dev/PreyTouch/sandbox/videos/manual_labels/front_20260123T102239__0c66a3a4c5/labels/train/front_20260123T102239_f0000010.txt
2026-02-27T13:21:57.259337Z,/Volumes/Data/Bareket/experiments/reptilearn4/PV82/20260123/block3/videos/front_20260123T102239.mp4,/Volumes/Data/Bareket/experiments/reptilearn4/PV82/20260123/block3/videos/predictions/front_head_only_resnet_152__front_20260123T102239.parquet,2710,2710,APPLY_NEXT10,/Users/bareketdamari/Dev/PreyTouch/sandbox/videos/manual_labels/front_20260123T102239__0c66a3a4c5/images/train/front_20260123T102239_f0002710.png,/Users/bareketdamari/Dev/PreyTouch/sandbox/videos/manual_labels/front_20260123T102239__0c66a3a4c5/labels/train/front_20260123T102239_f0002710.txt
2026-02-27T13:21:57.376957Z,/Volumes/Data/Bareket/experiments/reptilearn4/PV82/20260123/block3/videos/front_20260123T102239.mp4,/Volumes/Data/Bareket/experiments/reptilearn4/PV82/20260123/block3/videos/predictions/front_head_only_resnet_152__front_20260123T102239.parquet,2711,2711,APPLY_NEXT10,/Users/bareketdamari/Dev/PreyTouch/sandbox/videos/manual_labels/front_20260123T102239__0c66a3a4c5/images/train/front_20260123T102239_f0002711.png,/Users/bareketdamari/Dev/PreyTouch/sandbox/videos/manual_labels/front_20260123T102239__0c66a3a4c5/labels/train/front_20260123T102239_f0002711.txt
2026-02-27T13:21:57.499275Z,/Volumes/Data/Bareket/experiments/reptilearn4/PV82/20260123/block3/videos/front_20260123T102239.mp4,/Volumes/Data/Bareket/experiments/reptilearn4/PV82/20260123/block3/videos/predictions/front_head_only_resnet_152__front_20260123T102239.parquet,2712,2712,APPLY_NEXT10,/Users/bareketdamari/Dev/PreyTouch/sandbox/videos/manual_labels/front_20260123T102239__0c66a3a4c5/images/train/front_20260123T102239_f0002712.png,/Users/bareketdamari/Dev/PreyTouch/sandbox/videos/manual_labels/front_20260123T102239__0c66a3a4c5/labels/train/front_20260123T102239_f0002712.txt
2026-02-27T13:21:57.617923Z,/Volumes/Data/Bareket/experiments/reptilearn4/PV82/20260123/block3/videos/front_20260123T102239.mp4,/Volumes/Data/Bareket/experiments/reptilearn4/PV82/20260123/block3/videos/predictions/front_head_only_resnet_152__front_20260123T102239.parquet,2713,2713,APPLY_NEXT10,/Users/bareketdamari/Dev/PreyTouch/sandbox/videos/manual_labels/front_20260123T102239__0c66a3a4c5/images/train/front_20260123T102239_f0002713.png,/Users/bareketdamari/Dev/PreyTouch/sandbox/videos/manual_labels/front_20260123T102239__0c66a3a4c5/labels/train/front_20260123T102239_f0002713.txt
2026-02-27T13:21:57.737588Z,/Volumes/Data/Bareket/experiments/reptilearn4/PV82/20260123/block3/videos/front_20260123T102239.mp4,/Volumes/Data/Bareket/experiments/reptilearn4/PV82/20260123/block3/videos/predictions/front_head_only_resnet_152__front_20260123T102239.parquet,2714,2714,APPLY_NEXT10,/Users/bareketdamari/Dev/PreyTouch/sandbox/videos/manual_labels/front_20260123T102239__0c66a3a4c5/images/train/front_20260123T102239_f0002714.png,/Users/bareketdamari/Dev/PreyTouch/sandbox/videos/manual_labels/front_20260123T102239__0c66a3a4c5/labels/train/front_20260123T102239_f0002714.txt
2026-02-27T13:21:57.855867Z,/Volumes/Data/Bareket/experiments/reptilearn4/PV82/20260123/block3/videos/front_20260123T102239.mp4,/Volumes/Data/Bareket/experiments/reptilearn4/PV82/20260123/block3/videos/predictions/front_head_only_resnet_152__front_20260123T102239.parquet,2715,2715,APPLY_NEXT10,/Users/bareketdamari/Dev/PreyTouch/sandbox/videos/manual_labels/front_20260123T102239__0c66a3a4c5/images/train/front_20260123T102239_f0002715.png,/Users/bareketdamari/Dev/PreyTouch/sandbox/videos/manual_labels/front_20260123T102239__0c66a3a4c5/labels/train/front_20260123T102239_f0002715.txt
2026-02-27T13:21:57.976166Z,/Volumes/Data/Bareket/experiments/reptilearn4/PV82/20260123/block3/videos/front_20260123T102239.mp4,/Volumes/Data/Bareket/experiments/reptilearn4/PV82/20260123/block3/videos/predictions/front_head_only_resnet_152__front_20260123T102239.parquet,2716,2716,APPLY_NEXT10,/Users/bareketdamari/Dev/PreyTouch/sandbox/videos/manual_labels/front_20260123T102239__0c66a3a4c5/images/train/front_20260123T102239_f0002716.png,/Users/bareketdamari/Dev/PreyTouch/sandbox/videos/manual_labels/front_20260123T102239__0c66a3a4c5/labels/train/front_20260123T102239_f0002716.txt
2026-02-27T13:21:58.092823Z,/Volumes/Data/Bareket/experiments/reptilearn4/PV82/20260123/block3/videos/front_20260123T102239.mp4,/Volumes/Data/Bareket/experiments/reptilearn4/PV82/20260123/block3/videos/predictions/front_head_only_resnet_152__front_20260123T102239.parquet,2717,2717,APPLY_NEXT10,/Users/bareketdamari/Dev/PreyTouch/sandbox/videos/manual_labels/front_20260123T102239__0c66a3a4c5/images/train/front_20260123T102239_f0002717.png,/Users/bareketdamari/Dev/PreyTouch/sandbox/videos/manual_labels/front_20260123T102239__0c66a3a4c5/labels/train/front_20260123T102239_f0002717.txt
2026-02-27T13:21:58.208281Z,/Volumes/Data/Bareket/experiments/reptilearn4/PV82/20260123/block3/videos/front_20260123T102239.mp4,/Volumes/Data/Bareket/experiments/reptilearn4/PV82/20260123/block3/videos/predictions/front_head_only_resnet_152__front_20260123T102239.parquet,2718,2718,APPLY_NEXT10,/Users/bareketdamari/Dev/PreyTouch/sandbox/videos/manual_labels/front_20260123T102239__0c66a3a4c5/images/train/front_20260123T102239_f0002718.png,/Users/bareketdamari/Dev/PreyTouch/sandbox/videos/manual_labels/front_20260123T102239__0c66a3a4c5/labels/train/front_20260123T102239_f0002718.txt
2026-02-27T13:21:58.324352Z,/Volumes/Data/Bareket/experiments/reptilearn4/PV82/20260123/block3/videos/front_20260123T102239.mp4,/Volumes/Data/Bareket/experiments/reptilearn4/PV82/20260123/block3/videos/predictions/front_head_only_resnet_152__front_20260123T102239.parquet,2719,2719,APPLY_NEXT10|left_ear_cam|mid_ears_cam|nose_cam|right_ear_cam,/Users/bareketdamari/Dev/PreyTouch/sandbox/videos/manual_labels/front_20260123T102239__0c66a3a4c5/images/train/front_20260123T102239_f0002719.png,/Users/bareketdamari/Dev/PreyTouch/sandbox/videos/manual_labels/front_20260123T102239__0c66a3a4c5/labels/train/front_20260123T102239_f0002719.txt
2026-02-27T13:21:58.441395Z,/Volumes/Data/Bareket/experiments/reptilearn4/PV82/20260123/block3/videos/front_20260123T102239.mp4,/Volumes/Data/Bareket/experiments/reptilearn4/PV82/20260123/block3/videos/predictions/front_head_only_resnet_152__front_20260123T102239.parquet,2720,2720,APPLY_NEXT10,/Users/bareketdamari/Dev/PreyTouch/sandbox/videos/manual_labels/front_20260123T102239__0c66a3a4c5/images/train/front_20260123T102239_f0002720.png,/Users/bareketdamari/Dev/PreyTouch/sandbox/videos/manual_labels/front_20260123T102239__0c66a3a4c5/labels/train/front_20260123T102239_f0002720.txt
2026-02-27T13:21:58.557998Z,/Volumes/Data/Bareket/experiments/reptilearn4/PV82/20260123/block3/videos/front_20260123T102239.mp4,/Volumes/Data/Bareket/experiments/reptilearn4/PV82/20260123/block3/videos/predictions/front_head_only_resnet_152__front_20260123T102239.parquet,2721,2721,APPLY_NEXT10,/Users/bareketdamari/Dev/PreyTouch/sandbox/videos/manual_labels/front_20260123T102239__0c66a3a4c5/images/train/front_20260123T102239_f0002721.png,/Users/bareketdamari/Dev/PreyTouch/sandbox/videos/manual_labels/front_20260123T102239__0c66a3a4c5/labels/train/front_20260123T102239_f0002721.txt
2026-02-27T13:21:58.672134Z,/Volumes/Data/Bareket/experiments/reptilearn4/PV82/20260123/block3/videos/front_20260123T102239.mp4,/Volumes/Data/Bareket/experiments/reptilearn4/PV82/20260123/block3/videos/predictions/front_head_only_resnet_152__front_20260123T102239.parquet,2722,2722,APPLY_NEXT10,/Users/bareketdamari/Dev/PreyTouch/sandbox/videos/manual_labels/front_20260123T102239__0c66a3a4c5/images/train/front_20260123T102239_f0002722.png,/Users/bareketdamari/Dev/PreyTouch/sandbox/videos/manual_labels/front_20260123T102239__0c66a3a4c5/labels/train/front_20260123T102239_f0002722.txt
2026-02-27T13:21:58.787724Z,/Volumes/Data/Bareket/experiments/reptilearn4/PV82/20260123/block3/videos/front_20260123T102239.mp4,/Volumes/Data/Bareket/experiments/reptilearn4/PV82/20260123/block3/videos/predictions/front_head_only_resnet_152__front_20260123T102239.parquet,2723,2723,APPLY_NEXT10,/Users/bareketdamari/Dev/PreyTouch/sandbox/videos/manual_labels/front_20260123T102239__0c66a3a4c5/images/train/front_20260123T102239_f0002723.png,/Users/bareketdamari/Dev/PreyTouch/sandbox/videos/manual_labels/front_20260123T102239__0c66a3a4c5/labels/train/front_20260123T102239_f0002723.txt
2026-02-27T13:21:58.905519Z,/Volumes/Data/Bareket/experiments/reptilearn4/PV82/20260123/block3/videos/front_20260123T102239.mp4,/Volumes/Data/Bareket/experiments/reptilearn4/PV82/20260123/block3/videos/predictions/front_head_only_resnet_152__front_20260123T102239.parquet,2724,2724,APPLY_NEXT10,/Users/bareketdamari/Dev/PreyTouch/sandbox/videos/manual_labels/front_20260123T102239__0c66a3a4c5/images/train/front_20260123T102239_f0002724.png,/Users/bareketdamari/Dev/PreyTouch/sandbox/videos/manual_labels/front_20260123T102239__0c66a3a4c5/labels/train/front_20260123T102239_f0002724.txt
2026-02-27T13:21:59.019415Z,/Volumes/Data/Bareket/experiments/reptilearn4/PV82/20260123/block3/videos/front_20260123T102239.mp4,/Volumes/Data/Bareket/experiments/reptilearn4/PV82/20260123/block3/videos/predictions/front_head_only_resnet_152__front_20260123T102239.parquet,2725,2725,APPLY_NEXT10,/Users/bareketdamari/Dev/PreyTouch/sandbox/videos/manual_labels/front_20260123T102239__0c66a3a4c5/images/train/front_20260123T102239_f0002725.png,/Users/bareketdamari/Dev/PreyTouch/sandbox/videos/manual_labels/front_20260123T102239__0c66a3a4c5/labels/train/front_20260123T102239_f0002725.txt
2026-02-27T13:21:59.136917Z,/Volumes/Data/Bareket/experiments/reptilearn4/PV82/20260123/block3/videos/front_20260123T102239.mp4,/Volumes/Data/Bareket/experiments/reptilearn4/PV82/20260123/block3/videos/predictions/front_head_only_resnet_152__front_20260123T102239.parquet,2726,2726,APPLY_NEXT10,/Users/bareketdamari/Dev/PreyTouch/sandbox/videos/manual_labels/front_20260123T102239__0c66a3a4c5/images/train/front_20260123T102239_f0002726.png,/Users/bareketdamari/Dev/PreyTouch/sandbox/videos/manual_labels/front_20260123T102239__0c66a3a4c5/labels/train/front_20260123T102239_f0002726.txt
2026-02-27T13:21:59.252291Z,/Volumes/Data/Bareket/experiments/reptilearn4/PV82/20260123/block3/videos/front_20260123T102239.mp4,/Volumes/Data/Bareket/experiments/reptilearn4/PV82/20260123/block3/videos/predictions/front_head_only_resnet_152__front_20260123T102239.parquet,2727,2727,APPLY_NEXT10,/Users/bareketdamari/Dev/PreyTouch/sandbox/videos/manual_labels/front_20260123T102239__0c66a3a4c5/images/train/front_20260123T102239_f0002727.png,/Users/bareketdamari/Dev/PreyTouch/sandbox/videos/manual_labels/front_20260123T102239__0c66a3a4c5/labels/train/front_20260123T102239_f0002727.txt
2026-02-27T13:21:59.369992Z,/Volumes/Data/Bareket/experiments/reptilearn4/PV82/20260123/block3/videos/front_20260123T102239.mp4,/Volumes/Data/Bareket/experiments/reptilearn4/PV82/20260123/block3/videos/predictions/front_head_only_resnet_152__front_20260123T102239.parquet,2728,2728,APPLY_NEXT10,/Users/bareketdamari/Dev/PreyTouch/sandbox/videos/manual_labels/front_20260123T102239__0c66a3a4c5/images/train/front_20260123T102239_f0002728.png,/Users/bareketdamari/Dev/PreyTouch/sandbox/videos/manual_labels/front_20260123T102239__0c66a3a4c5/labels/train/front_20260123T102239_f0002728.txt
2026-02-27T13:21:59.491764Z,/Volumes/Data/Bareket/experiments/reptilearn4/PV82/20260123/block3/videos/front_20260123T102239.mp4,/Volumes/Data/Bareket/experiments/reptilearn4/PV82/20260123/block3/videos/predictions/front_head_only_resnet_152__front_20260123T102239.parquet,2729,2729,APPLY_NEXT10,/Users/bareketdamari/Dev/PreyTouch/sandbox/videos/manual_labels/front_20260123T102239__0c66a3a4c5/images/train/front_20260123T102239_f0002729.png,/Users/bareketdamari/Dev/PreyTouch/sandbox/videos/manual_labels/front_20260123T102239__0c66a3a4c5/labels/train/front_20260123T102239_f0002729.txt
2026-02-27T13:21:59.570418Z,/Volumes/Data/Bareket/experiments/reptilearn4/PV82/20260123/block3/videos/front_20260123T102239.mp4,/Volumes/Data/Bareket/experiments/reptilearn4/PV82/20260123/block3/videos/predictions/front_head_only_resnet_152__front_20260123T102239.parquet,2770,2770,left_ear_cam|nose_cam,/Users/bareketdamari/Dev/PreyTouch/sandbox/videos/manual_labels/front_20260123T102239__0c66a3a4c5/images/train/front_20260123T102239_f0002770.png,/Users/bareketdamari/Dev/PreyTouch/sandbox/videos/manual_labels/front_20260123T102239__0c66a3a4c5/labels/train/front_20260123T102239_f0002770.txt
2026-02-27T13:21:59.649897Z,/Volumes/Data/Bareket/experiments/reptilearn4/PV82/20260123/block3/videos/front_20260123T102239.mp4,/Volumes/Data/Bareket/experiments/reptilearn4/PV82/20260123/block3/videos/predictions/front_head_only_resnet_152__front_20260123T102239.parquet,2771,2771,APPLY_NEXT10,/Users/bareketdamari/Dev/PreyTouch/sandbox/videos/manual_labels/front_20260123T102239__0c66a3a4c5/images/train/front_20260123T102239_f0002771.png,/Users/bareketdamari/Dev/PreyTouch/sandbox/videos/manual_labels/front_20260123T102239__0c66a3a4c5/labels/train/front_20260123T102239_f0002771.txt
2026-02-27T13:21:59.731208Z,/Volumes/Data/Bareket/experiments/reptilearn4/PV82/20260123/block3/videos/front_20260123T102239.mp4,/Volumes/Data/Bareket/experiments/reptilearn4/PV82/20260123/block3/videos/predictions/front_head_only_resnet_152__front_20260123T102239.parquet,2772,2772,APPLY_NEXT10,/Users/bareketdamari/Dev/PreyTouch/sandbox/videos/manual_labels/front_20260123T102239__0c66a3a4c5/images/train/front_20260123T102239_f0002772.png,/Users/bareketdamari/Dev/PreyTouch/sandbox/videos/manual_labels/front_20260123T102239__0c66a3a4c5/labels/train/front_20260123T102239_f0002772.txt
2026-02-27T13:21:59.813197Z,/Volumes/Data/Bareket/experiments/reptilearn4/PV82/20260123/block3/videos/front_20260123T102239.mp4,/Volumes/Data/Bareket/experiments/reptilearn4/PV82/20260123/block3/videos/predictions/front_head_only_resnet_152__front_20260123T102239.parquet,2773,2773,APPLY_NEXT10,/Users/bareketdamari/Dev/PreyTouch/sandbox/videos/manual_labels/front_20260123T102239__0c66a3a4c5/images/train/front_20260123T102239_f0002773.png,/Users/bareketdamari/Dev/PreyTouch/sandbox/videos/manual_labels/front_20260123T102239__0c66a3a4c5/labels/train/front_20260123T102239_f0002773.txt
2026-02-27T13:21:59.894696Z,/Volumes/Data/Bareket/experiments/reptilearn4/PV82/20260123/block3/videos/front_20260123T102239.mp4,/Volumes/Data/Bareket/experiments/reptilearn4/PV82/20260123/block3/videos/predictions/front_head_only_resnet_152__front_20260123T102239.parquet,2774,2774,APPLY_NEXT10,/Users/bareketdamari/Dev/PreyTouch/sandbox/videos/manual_labels/front_20260123T102239__0c66a3a4c5/images/train/front_20260123T102239_f0002774.png,/Users/bareketdamari/Dev/PreyTouch/sandbox/videos/manual_labels/front_20260123T102239__0c66a3a4c5/labels/train/front_20260123T102239_f0002774.txt
2026-02-27T13:21:59.975756Z,/Volumes/Data/Bareket/experiments/reptilearn4/PV82/20260123/block3/videos/front_20260123T102239.mp4,/Volumes/Data/Bareket/experiments/reptilearn4/PV82/20260123/block3/videos/predictions/front_head_only_resnet_152__front_20260123T102239.parquet,2775,2775,APPLY_NEXT10,/Users/bareketdamari/Dev/PreyTouch/sandbox/videos/manual_labels/front_20260123T102239__0c66a3a4c5/images/train/front_20260123T102239_f0002775.png,/Users/bareketdamari/Dev/PreyTouch/sandbox/videos/manual_labels/front_20260123T102239__0c66a3a4c5/labels/train/front_20260123T102239_f0002775.txt
2026-02-27T13:22:00.056964Z,/Volumes/Data/Bareket/experiments/reptilearn4/PV82/20260123/block3/videos/front_20260123T102239.mp4,/Volumes/Data/Bareket/experiments/reptilearn4/PV82/20260123/block3/videos/predictions/front_head_only_resnet_152__front_20260123T102239.parquet,2776,2776,APPLY_NEXT10,/Users/bareketdamari/Dev/PreyTouch/sandbox/videos/manual_labels/front_20260123T102239__0c66a3a4c5/images/train/front_20260123T102239_f0002776.png,/Users/bareketdamari/Dev/PreyTouch/sandbox/videos/manual_labels/front_20260123T102239__0c66a3a4c5/labels/train/front_20260123T102239_f0002776.txt
2026-02-27T13:22:00.137555Z,/Volumes/Data/Bareket/experiments/reptilearn4/PV82/20260123/block3/videos/front_20260123T102239.mp4,/Volumes/Data/Bareket/experiments/reptilearn4/PV82/20260123/block3/videos/predictions/front_head_only_resnet_152__front_20260123T102239.parquet,2777,2777,APPLY_NEXT10,/Users/bareketdamari/Dev/PreyTouch/sandbox/videos/manual_labels/front_20260123T102239__0c66a3a4c5/images/train/front_20260123T102239_f0002777.png,/Users/bareketdamari/Dev/PreyTouch/sandbox/videos/manual_labels/front_20260123T102239__0c66a3a4c5/labels/train/front_20260123T102239_f0002777.txt
2026-02-27T13:22:00.223189Z,/Volumes/Data/Bareket/experiments/reptilearn4/PV82/20260123/block3/videos/front_20260123T102239.mp4,/Volumes/Data/Bareket/experiments/reptilearn4/PV82/20260123/block3/videos/predictions/front_head_only_resnet_152__front_20260123T102239.parquet,2778,2778,APPLY_NEXT10,/Users/bareketdamari/Dev/PreyTouch/sandbox/videos/manual_labels/front_20260123T102239__0c66a3a4c5/images/train/front_20260123T102239_f0002778.png,/Users/bareketdamari/Dev/PreyTouch/sandbox/videos/manual_labels/front_20260123T102239__0c66a3a4c5/labels/train/front_20260123T102239_f0002778.txt
2026-02-27T13:22:00.306963Z,/Volumes/Data/Bareket/experiments/reptilearn4/PV82/20260123/block3/videos/front_20260123T102239.mp4,/Volumes/Data/Bareket/experiments/reptilearn4/PV82/20260123/block3/videos/predictions/front_head_only_resnet_152__front_20260123T102239.parquet,2779,2779,APPLY_NEXT10,/Users/bareketdamari/Dev/PreyTouch/sandbox/videos/manual_labels/front_20260123T102239__0c66a3a4c5/images/train/front_20260123T102239_f0002779.png,/Users/bareketdamari/Dev/PreyTouch/sandbox/videos/manual_labels/front_20260123T102239__0c66a3a4c5/labels/train/front_20260123T102239_f0002779.txt
2026-02-27T13:22:00.391515Z,/Volumes/Data/Bareket/experiments/reptilearn4/PV82/20260123/block3/videos/front_20260123T102239.mp4,/Volumes/Data/Bareket/experiments/reptilearn4/PV82/20260123/block3/videos/predictions/front_head_only_resnet_152__front_20260123T102239.parquet,2780,2780,APPLY_NEXT10,/Users/bareketdamari/Dev/PreyTouch/sandbox/videos/manual_labels/front_20260123T102239__0c66a3a4c5/images/train/front_20260123T102239_f0002780.png,/Users/bareketdamari/Dev/PreyTouch/sandbox/videos/manual_labels/front_20260123T102239__0c66a3a4c5/labels/train/front_20260123T102239_f0002780.txt
2026-02-27T13:22:00.479501Z,/Volumes/Data/Bareket/experiments/reptilearn4/PV82/20260123/block3/videos/front_20260123T102239.mp4,/Volumes/Data/Bareket/experiments/reptilearn4/PV82/20260123/block3/videos/predictions/front_head_only_resnet_152__front_20260123T102239.parquet,2805,2805,left_ear_cam|mid_ears_cam|nose_cam|right_ear_cam,/Users/bareketdamari/Dev/PreyTouch/sandbox/videos/manual_labels/front_20260123T102239__0c66a3a4c5/images/train/front_20260123T102239_f0002805.png,/Users/bareketdamari/Dev/PreyTouch/sandbox/videos/manual_labels/front_20260123T102239__0c66a3a4c5/labels/train/front_20260123T102239_f0002805.txt
2026-02-27T13:22:00.563603Z,/Volumes/Data/Bareket/experiments/reptilearn4/PV82/20260123/block3/videos/front_20260123T102239.mp4,/Volumes/Data/Bareket/experiments/reptilearn4/PV82/20260123/block3/videos/predictions/front_head_only_resnet_152__front_20260123T102239.parquet,2806,2806,APPLY_NEXT10,/Users/bareketdamari/Dev/PreyTouch/sandbox/videos/manual_labels/front_20260123T102239__0c66a3a4c5/images/train/front_20260123T102239_f0002806.png,/Users/bareketdamari/Dev/PreyTouch/sandbox/videos/manual_labels/front_20260123T102239__0c66a3a4c5/labels/train/front_20260123T102239_f0002806.txt
2026-02-27T13:22:00.651465Z,/Volumes/Data/Bareket/experiments/reptilearn4/PV82/20260123/block3/videos/front_20260123T102239.mp4,/Volumes/Data/Bareket/experiments/reptilearn4/PV82/20260123/block3/videos/predictions/front_head_only_resnet_152__front_20260123T102239.parquet,2807,2807,APPLY_NEXT10,/Users/bareketdamari/Dev/PreyTouch/sandbox/videos/manual_labels/front_20260123T102239__0c66a3a4c5/images/train/front_20260123T102239_f0002807.png,/Users/bareketdamari/Dev/PreyTouch/sandbox/videos/manual_labels/front_20260123T102239__0c66a3a4c5/labels/train/front_20260123T102239_f0002807.txt
2026-02-27T13:22:00.738241Z,/Volumes/Data/Bareket/experiments/reptilearn4/PV82/20260123/block3/videos/front_20260123T102239.mp4,/Volumes/Data/Bareket/experiments/reptilearn4/PV82/20260123/block3/videos/predictions/front_head_only_resnet_152__front_20260123T102239.parquet,2808,2808,APPLY_NEXT10,/Users/bareketdamari/Dev/PreyTouch/sandbox/videos/manual_labels/front_20260123T102239__0c66a3a4c5/images/train/front_20260123T102239_f0002808.png,/Users/bareketdamari/Dev/PreyTouch/sandbox/videos/manual_labels/front_20260123T102239__0c66a3a4c5/labels/train/front_20260123T102239_f0002808.txt
2026-02-27T13:22:00.824816Z,/Volumes/Data/Bareket/experiments/reptilearn4/PV82/20260123/block3/videos/front_20260123T102239.mp4,/Volumes/Data/Bareket/experiments/reptilearn4/PV82/20260123/block3/videos/predictions/front_head_only_resnet_152__front_20260123T102239.parquet,2809,2809,APPLY_NEXT10,/Users/bareketdamari/Dev/PreyTouch/sandbox/videos/manual_labels/front_20260123T102239__0c66a3a4c5/images/train/front_20260123T102239_f0002809.png,/Users/bareketdamari/Dev/PreyTouch/sandbox/videos/manual_labels/front_20260123T102239__0c66a3a4c5/labels/train/front_20260123T102239_f0002809.txt
2026-02-27T13:22:00.911708Z,/Volumes/Data/Bareket/experiments/reptilearn4/PV82/20260123/block3/videos/front_20260123T102239.mp4,/Volumes/Data/Bareket/experiments/reptilearn4/PV82/20260123/block3/videos/predictions/front_head_only_resnet_152__front_20260123T102239.parquet,2810,2810,APPLY_NEXT10,/Users/bareketdamari/Dev/PreyTouch/sandbox/videos/manual_labels/front_20260123T102239__0c66a3a4c5/images/train/front_20260123T102239_f0002810.png,/Users/bareketdamari/Dev/PreyTouch/sandbox/videos/manual_labels/front_20260123T102239__0c66a3a4c5/labels/train/front_20260123T102239_f0002810.txt
2026-02-27T13:22:00.999728Z,/Volumes/Data/Bareket/experiments/reptilearn4/PV82/20260123/block3/videos/front_20260123T102239.mp4,/Volumes/Data/Bareket/experiments/reptilearn4/PV82/20260123/block3/videos/predictions/front_head_only_resnet_152__front_20260123T102239.parquet,2811,2811,APPLY_NEXT10,/Users/bareketdamari/Dev/PreyTouch/sandbox/videos/manual_labels/front_20260123T102239__0c66a3a4c5/images/train/front_20260123T102239_f0002811.png,/Users/bareketdamari/Dev/PreyTouch/sandbox/videos/manual_labels/front_20260123T102239__0c66a3a4c5/labels/train/front_20260123T102239_f0002811.txt
2026-02-27T13:22:01.087595Z,/Volumes/Data/Bareket/experiments/reptilearn4/PV82/20260123/block3/videos/front_20260123T102239.mp4,/Volumes/Data/Bareket/experiments/reptilearn4/PV82/20260123/block3/videos/predictions/front_head_only_resnet_152__front_20260123T102239.parquet,2812,2812,APPLY_NEXT10,/Users/bareketdamari/Dev/PreyTouch/sandbox/videos/manual_labels/front_20260123T102239__0c66a3a4c5/images/train/front_20260123T102239_f0002812.png,/Users/bareketdamari/Dev/PreyTouch/sandbox/videos/manual_labels/front_20260123T102239__0c66a3a4c5/labels/train/front_20260123T102239_f0002812.txt
2026-02-27T13:22:01.175889Z,/Volumes/Data/Bareket/experiments/reptilearn4/PV82/20260123/block3/videos/front_20260123T102239.mp4,/Volumes/Data/Bareket/experiments/reptilearn4/PV82/20260123/block3/videos/predictions/front_head_only_resnet_152__front_20260123T102239.parquet,2813,2813,APPLY_NEXT10,/Users/bareketdamari/Dev/PreyTouch/sandbox/videos/manual_labels/front_20260123T102239__0c66a3a4c5/images/train/front_20260123T102239_f0002813.png,/Users/bareketdamari/Dev/PreyTouch/sandbox/videos/manual_labels/front_20260123T102239__0c66a3a4c5/labels/train/front_20260123T102239_f0002813.txt
2026-02-27T13:22:01.263743Z,/Volumes/Data/Bareket/experiments/reptilearn4/PV82/20260123/block3/videos/front_20260123T102239.mp4,/Volumes/Data/Bareket/experiments/reptilearn4/PV82/20260123/block3/videos/predictions/front_head_only_resnet_152__front_20260123T102239.parquet,2814,2814,APPLY_NEXT10,/Users/bareketdamari/Dev/PreyTouch/sandbox/videos/manual_labels/front_20260123T102239__0c66a3a4c5/images/train/front_20260123T102239_f0002814.png,/Users/bareketdamari/Dev/PreyTouch/sandbox/videos/manual_labels/front_20260123T102239__0c66a3a4c5/labels/train/front_20260123T102239_f0002814.txt
2026-02-27T13:22:01.350985Z,/Volumes/Data/Bareket/experiments/reptilearn4/PV82/20260123/block3/videos/front_20260123T102239.mp4,/Volumes/Data/Bareket/experiments/reptilearn4/PV82/20260123/block3/videos/predictions/front_head_only_resnet_152__front_20260123T102239.parquet,2815,2815,APPLY_NEXT10,/Users/bareketdamari/Dev/PreyTouch/sandbox/videos/manual_labels/front_20260123T102239__0c66a3a4c5/images/train/front_20260123T102239_f0002815.png,/Users/bareketdamari/Dev/PreyTouch/sandbox/videos/manual_labels/front_20260123T102239__0c66a3a4c5/labels/train/front_20260123T102239_f0002815.txt
2026-02-27T13:22:01.459269Z,/Volumes/Data/Bareket/experiments/reptilearn4/PV82/20260123/block3/videos/front_20260123T102239.mp4,/Volumes/Data/Bareket/experiments/reptilearn4/PV82/20260123/block3/videos/predictions/front_head_only_resnet_152__front_20260123T102239.parquet,2947,2947,left_ear_cam|mid_ears_cam|nose_cam|right_ear_cam,/Users/bareketdamari/Dev/PreyTouch/sandbox/videos/manual_labels/front_20260123T102239__0c66a3a4c5/images/train/front_20260123T102239_f0002947.png,/Users/bareketdamari/Dev/PreyTouch/sandbox/videos/manual_labels/front_20260123T102239__0c66a3a4c5/labels/train/front_20260123T102239_f0002947.txt
2026-02-27T13:22:01.567198Z,/Volumes/Data/Bareket/experiments/reptilearn4/PV82/20260123/block3/videos/front_20260123T102239.mp4,/Volumes/Data/Bareket/experiments/reptilearn4/PV82/20260123/block3/videos/predictions/front_head_only_resnet_152__front_20260123T102239.parquet,2948,2948,APPLY_NEXT10,/Users/bareketdamari/Dev/PreyTouch/sandbox/videos/manual_labels/front_20260123T102239__0c66a3a4c5/images/train/front_20260123T102239_f0002948.png,/Users/bareketdamari/Dev/PreyTouch/sandbox/videos/manual_labels/front_20260123T102239__0c66a3a4c5/labels/train/front_20260123T102239_f0002948.txt
2026-02-27T13:22:01.676515Z,/Volumes/Data/Bareket/experiments/reptilearn4/PV82/20260123/block3/videos/front_20260123T102239.mp4,/Volumes/Data/Bareket/experiments/reptilearn4/PV82/20260123/block3/videos/predictions/front_head_only_resnet_152__front_20260123T102239.parquet,2949,2949,APPLY_NEXT10,/Users/bareketdamari/Dev/PreyTouch/sandbox/videos/manual_labels/front_20260123T102239__0c66a3a4c5/images/train/front_20260123T102239_f0002949.png,/Users/bareketdamari/Dev/PreyTouch/sandbox/videos/manual_labels/front_20260123T102239__0c66a3a4c5/labels/train/front_20260123T102239_f0002949.txt
2026-02-27T13:22:01.784400Z,/Volumes/Data/Bareket/experiments/reptilearn4/PV82/20260123/block3/videos/front_20260123T102239.mp4,/Volumes/Data/Bareket/experiments/reptilearn4/PV82/20260123/block3/videos/predictions/front_head_only_resnet_152__front_20260123T102239.parquet,2950,2950,APPLY_NEXT10,/Users/bareketdamari/Dev/PreyTouch/sandbox/videos/manual_labels/front_20260123T102239__0c66a3a4c5/images/train/front_20260123T102239_f0002950.png,/Users/bareketdamari/Dev/PreyTouch/sandbox/videos/manual_labels/front_20260123T102239__0c66a3a4c5/labels/train/front_20260123T102239_f0002950.txt
2026-02-27T13:22:01.893263Z,/Volumes/Data/Bareket/experiments/reptilearn4/PV82/20260123/block3/videos/front_20260123T102239.mp4,/Volumes/Data/Bareket/experiments/reptilearn4/PV82/20260123/block3/videos/predictions/front_head_only_resnet_152__front_20260123T102239.parquet,2951,2951,APPLY_NEXT10,/Users/bareketdamari/Dev/PreyTouch/sandbox/videos/manual_labels/front_20260123T102239__0c66a3a4c5/images/train/front_20260123T102239_f0002951.png,/Users/bareketdamari/Dev/PreyTouch/sandbox/videos/manual_labels/front_20260123T102239__0c66a3a4c5/labels/train/front_20260123T102239_f0002951.txt
2026-02-27T13:22:02.001549Z,/Volumes/Data/Bareket/experiments/reptilearn4/PV82/20260123/block3/videos/front_20260123T102239.mp4,/Volumes/Data/Bareket/experiments/reptilearn4/PV82/20260123/block3/videos/predictions/front_head_only_resnet_152__front_20260123T102239.parquet,2952,2952,APPLY_NEXT10,/Users/bareketdamari/Dev/PreyTouch/sandbox/videos/manual_labels/front_20260123T102239__0c66a3a4c5/images/train/front_20260123T102239_f0002952.png,/Users/bareketdamari/Dev/PreyTouch/sandbox/videos/manual_labels/front_20260123T102239__0c66a3a4c5/labels/train/front_20260123T102239_f0002952.txt
2026-02-27T13:22:02.110225Z,/Volumes/Data/Bareket/experiments/reptilearn4/PV82/20260123/block3/videos/front_20260123T102239.mp4,/Volumes/Data/Bareket/experiments/reptilearn4/PV82/20260123/block3/videos/predictions/front_head_only_resnet_152__front_20260123T102239.parquet,2953,2953,APPLY_NEXT10,/Users/bareketdamari/Dev/PreyTouch/sandbox/videos/manual_labels/front_20260123T102239__0c66a3a4c5/images/train/front_20260123T102239_f0002953.png,/Users/bareketdamari/Dev/PreyTouch/sandbox/videos/manual_labels/front_20260123T102239__0c66a3a4c5/labels/train/front_20260123T102239_f0002953.txt
2026-02-27T13:22:02.220070Z,/Volumes/Data/Bareket/experiments/reptilearn4/PV82/20260123/block3/videos/front_20260123T102239.mp4,/Volumes/Data/Bareket/experiments/reptilearn4/PV82/20260123/block3/videos/predictions/front_head_only_resnet_152__front_20260123T102239.parquet,2954,2954,APPLY_NEXT10,/Users/bareketdamari/Dev/PreyTouch/sandbox/videos/manual_labels/front_20260123T102239__0c66a3a4c5/images/train/front_20260123T102239_f0002954.png,/Users/bareketdamari/Dev/PreyTouch/sandbox/videos/manual_labels/front_20260123T102239__0c66a3a4c5/labels/train/front_20260123T102239_f0002954.txt
2026-02-27T13:22:02.329742Z,/Volumes/Data/Bareket/experiments/reptilearn4/PV82/20260123/block3/videos/front_20260123T102239.mp4,/Volumes/Data/Bareket/experiments/reptilearn4/PV82/20260123/block3/videos/predictions/front_head_only_resnet_152__front_20260123T102239.parquet,2955,2955,APPLY_NEXT10,/Users/bareketdamari/Dev/PreyTouch/sandbox/videos/manual_labels/front_20260123T102239__0c66a3a4c5/images/train/front_20260123T102239_f0002955.png,/Users/bareketdamari/Dev/PreyTouch/sandbox/videos/manual_labels/front_20260123T102239__0c66a3a4c5/labels/train/front_20260123T102239_f0002955.txt
2026-02-27T13:22:02.436360Z,/Volumes/Data/Bareket/experiments/reptilearn4/PV82/20260123/block3/videos/front_20260123T102239.mp4,/Volumes/Data/Bareket/experiments/reptilearn4/PV82/20260123/block3/videos/predictions/front_head_only_resnet_152__front_20260123T102239.parquet,2956,2956,APPLY_NEXT10,/Users/bareketdamari/Dev/PreyTouch/sandbox/videos/manual_labels/front_20260123T102239__0c66a3a4c5/images/train/front_20260123T102239_f0002956.png,/Users/bareketdamari/Dev/PreyTouch/sandbox/videos/manual_labels/front_20260123T102239__0c66a3a4c5/labels/train/front_20260123T102239_f0002956.txt
2026-02-27T13:22:02.547293Z,/Volumes/Data/Bareket/experiments/reptilearn4/PV82/20260123/block3/videos/front_20260123T102239.mp4,/Volumes/Data/Bareket/experiments/reptilearn4/PV82/20260123/block3/videos/predictions/front_head_only_resnet_152__front_20260123T102239.parquet,2957,2957,APPLY_NEXT10,/Users/bareketdamari/Dev/PreyTouch/sandbox/videos/manual_labels/front_20260123T102239__0c66a3a4c5/images/train/front_20260123T102239_f0002957.png,/Users/bareketdamari/Dev/PreyTouch/sandbox/videos/manual_labels/front_20260123T102239__0c66a3a4c5/labels/train/front_20260123T102239_f0002957.txt
2026-02-27T13:22:02.639841Z,/Volumes/Data/Bareket/experiments/reptilearn4/PV82/20260123/block3/videos/front_20260123T102239.mp4,/Volumes/Data/Bareket/experiments/reptilearn4/PV82/20260123/block3/videos/predictions/front_head_only_resnet_152__front_20260123T102239.parquet,3089,3089,left_ear_cam|mid_ears_cam,/Users/bareketdamari/Dev/PreyTouch/sandbox/videos/manual_labels/front_20260123T102239__0c66a3a4c5/images/train/front_20260123T102239_f0003089.png,/Users/bareketdamari/Dev/PreyTouch/sandbox/videos/manual_labels/front_20260123T102239__0c66a3a4c5/labels/train/front_20260123T102239_f0003089.txt
2026-02-27T13:22:02.731890Z,/Volumes/Data/Bareket/experiments/reptilearn4/PV82/20260123/block3/videos/front_20260123T102239.mp4,/Volumes/Data/Bareket/experiments/reptilearn4/PV82/20260123/block3/videos/predictions/front_head_only_resnet_152__front_20260123T102239.parquet,3090,3090,APPLY_NEXT10,/Users/bareketdamari/Dev/PreyTouch/sandbox/videos/manual_labels/front_20260123T102239__0c66a3a4c5/images/train/front_20260123T102239_f0003090.png,/Users/bareketdamari/Dev/PreyTouch/sandbox/videos/manual_labels/front_20260123T102239__0c66a3a4c5/labels/train/front_20260123T102239_f0003090.txt
2026-02-27T13:22:02.823768Z,/Volumes/Data/Bareket/experiments/reptilearn4/PV82/20260123/block3/videos/front_20260123T102239.mp4,/Volumes/Data/Bareket/experiments/reptilearn4/PV82/20260123/block3/videos/predictions/front_head_only_resnet_152__front_20260123T102239.parquet,3091,3091,APPLY_NEXT10,/Users/bareketdamari/Dev/PreyTouch/sandbox/videos/manual_labels/front_20260123T102239__0c66a3a4c5/images/train/front_20260123T102239_f0003091.png,/Users/bareketdamari/Dev/PreyTouch/sandbox/videos/manual_labels/front_20260123T102239__0c66a3a4c5/labels/train/front_20260123T102239_f0003091.txt
2026-02-27T13:22:02.916142Z,/Volumes/Data/Bareket/experiments/reptilearn4/PV82/20260123/block3/videos/front_20260123T102239.mp4,/Volumes/Data/Bareket/experiments/reptilearn4/PV82/20260123/block3/videos/predictions/front_head_only_resnet_152__front_20260123T102239.parquet,3092,3092,APPLY_NEXT10,/Users/bareketdamari/Dev/PreyTouch/sandbox/videos/manual_labels/front_20260123T102239__0c66a3a4c5/images/train/front_20260123T102239_f0003092.png,/Users/bareketdamari/Dev/PreyTouch/sandbox/videos/manual_labels/front_20260123T102239__0c66a3a4c5/labels/train/front_20260123T102239_f0003092.txt
2026-02-27T13:22:03.025324Z,/Volumes/Data/Bareket/experiments/reptilearn4/PV82/20260123/block3/videos/front_20260123T102239.mp4,/Volumes/Data/Bareket/experiments/reptilearn4/PV82/20260123/block3/videos/predictions/front_head_only_resnet_152__front_20260123T102239.parquet,3093,3093,APPLY_NEXT10,/Users/bareketdamari/Dev/PreyTouch/sandbox/videos/manual_labels/front_20260123T102239__0c66a3a4c5/images/train/front_20260123T102239_f0003093.png,/Users/bareketdamari/Dev/PreyTouch/sandbox/videos/manual_labels/front_20260123T102239__0c66a3a4c5/labels/train/front_20260123T102239_f0003093.txt
2026-02-27T13:22:03.137797Z,/Volumes/Data/Bareket/experiments/reptilearn4/PV82/20260123/block3/videos/front_20260123T102239.mp4,/Volumes/Data/Bareket/experiments/reptilearn4/PV82/20260123/block3/videos/predictions/front_head_only_resnet_152__front_20260123T102239.parquet,3094,3094,APPLY_NEXT10,/Users/bareketdamari/Dev/PreyTouch/sandbox/videos/manual_labels/front_20260123T102239__0c66a3a4c5/images/train/front_20260123T102239_f0003094.png,/Users/bareketdamari/Dev/PreyTouch/sandbox/videos/manual_labels/front_20260123T102239__0c66a3a4c5/labels/train/front_20260123T102239_f0003094.txt
2026-02-27T13:22:03.230018Z,/Volumes/Data/Bareket/experiments/reptilearn4/PV82/20260123/block3/videos/front_20260123T102239.mp4,/Volumes/Data/Bareket/experiments/reptilearn4/PV82/20260123/block3/videos/predictions/front_head_only_resnet_152__front_20260123T102239.parquet,3095,3095,APPLY_NEXT10,/Users/bareketdamari/Dev/PreyTouch/sandbox/videos/manual_labels/front_20260123T102239__0c66a3a4c5/images/train/front_20260123T102239_f0003095.png,/Users/bareketdamari/Dev/PreyTouch/sandbox/videos/manual_labels/front_20260123T102239__0c66a3a4c5/labels/train/front_20260123T102239_f0003095.txt
2026-02-27T13:22:03.325527Z,/Volumes/Data/Bareket/experiments/reptilearn4/PV82/20260123/block3/videos/front_20260123T102239.mp4,/Volumes/Data/Bareket/experiments/reptilearn4/PV82/20260123/block3/videos/predictions/front_head_only_resnet_152__front_20260123T102239.parquet,3096,3096,APPLY_NEXT10,/Users/bareketdamari/Dev/PreyTouch/sandbox/videos/manual_labels/front_20260123T102239__0c66a3a4c5/images/train/front_20260123T102239_f0003096.png,/Users/bareketdamari/Dev/PreyTouch/sandbox/videos/manual_labels/front_20260123T102239__0c66a3a4c5/labels/train/front_20260123T102239_f0003096.txt
2026-02-27T13:22:03.418606Z,/Volumes/Data/Bareket/experiments/reptilearn4/PV82/20260123/block3/videos/front_20260123T102239.mp4,/Volumes/Data/Bareket/experiments/reptilearn4/PV82/20260123/block3/videos/predictions/front_head_only_resnet_152__front_20260123T102239.parquet,3097,3097,APPLY_NEXT10,/Users/bareketdamari/Dev/PreyTouch/sandbox/videos/manual_labels/front_20260123T102239__0c66a3a4c5/images/train/front_20260123T102239_f0003097.png,/Users/bareketdamari/Dev/PreyTouch/sandbox/videos/manual_labels/front_20260123T102239__0c66a3a4c5/labels/train/front_20260123T102239_f0003097.txt
2026-02-27T13:22:03.512864Z,/Volumes/Data/Bareket/experiments/reptilearn4/PV82/20260123/block3/videos/front_20260123T102239.mp4,/Volumes/Data/Bareket/experiments/reptilearn4/PV82/20260123/block3/videos/predictions/front_head_only_resnet_152__front_20260123T102239.parquet,3098,3098,APPLY_NEXT10,/Users/bareketdamari/Dev/PreyTouch/sandbox/videos/manual_labels/front_20260123T102239__0c66a3a4c5/images/train/front_20260123T102239_f0003098.png,/Users/bareketdamari/Dev/PreyTouch/sandbox/videos/manual_labels/front_20260123T102239__0c66a3a4c5/labels/train/front_20260123T102239_f0003098.txt
2026-02-27T13:22:03.606745Z,/Volumes/Data/Bareket/experiments/reptilearn4/PV82/20260123/block3/videos/front_20260123T102239.mp4,/Volumes/Data/Bareket/experiments/reptilearn4/PV82/20260123/block3/videos/predictions/front_head_only_resnet_152__front_20260123T102239.parquet,3099,3099,APPLY_NEXT10,/Users/bareketdamari/Dev/PreyTouch/sandbox/videos/manual_labels/front_20260123T102239__0c66a3a4c5/images/train/front_20260123T102239_f0003099.png,/Users/bareketdamari/Dev/PreyTouch/sandbox/videos/manual_labels/front_20260123T102239__0c66a3a4c5/labels/train/front_20260123T102239_f0003099.txt
2026-02-27T13:22:03.708347Z,/Volumes/Data/Bareket/experiments/reptilearn4/PV82/20260123/block3/videos/front_20260123T102239.mp4,/Volumes/Data/Bareket/experiments/reptilearn4/PV82/20260123/block3/videos/predictions/front_head_only_resnet_152__front_20260123T102239.parquet,3125,3125,left_ear_cam|mid_ears_cam|nose_cam|right_ear_cam,/Users/bareketdamari/Dev/PreyTouch/sandbox/videos/manual_labels/front_20260123T102239__0c66a3a4c5/images/train/front_20260123T102239_f0003125.png,/Users/bareketdamari/Dev/PreyTouch/sandbox/videos/manual_labels/front_20260123T102239__0c66a3a4c5/labels/train/front_20260123T102239_f0003125.txt
2026-02-27T13:22:03.807320Z,/Volumes/Data/Bareket/experiments/reptilearn4/PV82/20260123/block3/videos/front_20260123T102239.mp4,/Volumes/Data/Bareket/experiments/reptilearn4/PV82/20260123/block3/videos/predictions/front_head_only_resnet_152__front_20260123T102239.parquet,3126,3126,APPLY_NEXT10,/Users/bareketdamari/Dev/PreyTouch/sandbox/videos/manual_labels/front_20260123T102239__0c66a3a4c5/images/train/front_20260123T102239_f0003126.png,/Users/bareketdamari/Dev/PreyTouch/sandbox/videos/manual_labels/front_20260123T102239__0c66a3a4c5/labels/train/front_20260123T102239_f0003126.txt
2026-02-27T13:22:03.904700Z,/Volumes/Data/Bareket/experiments/reptilearn4/PV82/20260123/block3/videos/front_20260123T102239.mp4,/Volumes/Data/Bareket/experiments/reptilearn4/PV82/20260123/block3/videos/predictions/front_head_only_resnet_152__front_20260123T102239.parquet,3127,3127,APPLY_NEXT10,/Users/bareketdamari/Dev/PreyTouch/sandbox/videos/manual_labels/front_20260123T102239__0c66a3a4c5/images/train/front_20260123T102239_f0003127.png,/Users/bareketdamari/Dev/PreyTouch/sandbox/videos/manual_labels/front_20260123T102239__0c66a3a4c5/labels/train/front_20260123T102239_f0003127.txt
2026-02-27T13:22:04.001894Z,/Volumes/Data/Bareket/experiments/reptilearn4/PV82/20260123/block3/videos/front_20260123T102239.mp4,/Volumes/Data/Bareket/experiments/reptilearn4/PV82/20260123/block3/videos/predictions/front_head_only_resnet_152__front_20260123T102239.parquet,3128,3128,APPLY_NEXT10,/Users/bareketdamari/Dev/PreyTouch/sandbox/videos/manual_labels/front_20260123T102239__0c66a3a4c5/images/train/front_20260123T102239_f0003128.png,/Users/bareketdamari/Dev/PreyTouch/sandbox/videos/manual_labels/front_20260123T102239__0c66a3a4c5/labels/train/front_20260123T102239_f0003128.txt
2026-02-27T13:22:04.124841Z,/Volumes/Data/Bareket/experiments/reptilearn4/PV82/20260123/block3/videos/front_20260123T102239.mp4,/Volumes/Data/Bareket/experiments/reptilearn4/PV82/20260123/block3/videos/predictions/front_head_only_resnet_152__front_20260123T102239.parquet,3129,3129,APPLY_NEXT10,/Users/bareketdamari/Dev/PreyTouch/sandbox/videos/manual_labels/front_20260123T102239__0c66a3a4c5/images/train/front_20260123T102239_f0003129.png,/Users/bareketdamari/Dev/PreyTouch/sandbox/videos/manual_labels/front_20260123T102239__0c66a3a4c5/labels/train/front_20260123T102239_f0003129.txt
2026-02-27T13:22:04.242358Z,/Volumes/Data/Bareket/experiments/reptilearn4/PV82/20260123/block3/videos/front_20260123T102239.mp4,/Volumes/Data/Bareket/experiments/reptilearn4/PV82/20260123/block3/videos/predictions/front_head_only_resnet_152__front_20260123T102239.parquet,3130,3130,APPLY_NEXT10,/Users/bareketdamari/Dev/PreyTouch/sandbox/videos/manual_labels/front_20260123T102239__0c66a3a4c5/images/train/front_20260123T102239_f0003130.png,/Users/bareketdamari/Dev/PreyTouch/sandbox/videos/manual_labels/front_20260123T102239__0c66a3a4c5/labels/train/front_20260123T102239_f0003130.txt
2026-02-27T13:22:04.346040Z,/Volumes/Data/Bareket/experiments/reptilearn4/PV82/20260123/block3/videos/front_20260123T102239.mp4,/Volumes/Data/Bareket/experiments/reptilearn4/PV82/20260123/block3/videos/predictions/front_head_only_resnet_152__front_20260123T102239.parquet,3131,3131,APPLY_NEXT10,/Users/bareketdamari/Dev/PreyTouch/sandbox/videos/manual_labels/front_20260123T102239__0c66a3a4c5/images/train/front_20260123T102239_f0003131.png,/Users/bareketdamari/Dev/PreyTouch/sandbox/videos/manual_labels/front_20260123T102239__0c66a3a4c5/labels/train/front_20260123T102239_f0003131.txt
2026-02-27T13:22:04.451176Z,/Volumes/Data/Bareket/experiments/reptilearn4/PV82/20260123/block3/videos/front_20260123T102239.mp4,/Volumes/Data/Bareket/experiments/reptilearn4/PV82/20260123/block3/videos/predictions/front_head_only_resnet_152__front_20260123T102239.parquet,3132,3132,APPLY_NEXT10,/Users/bareketdamari/Dev/PreyTouch/sandbox/videos/manual_labels/front_20260123T102239__0c66a3a4c5/images/train/front_20260123T102239_f0003132.png,/Users/bareketdamari/Dev/PreyTouch/sandbox/videos/manual_labels/front_20260123T102239__0c66a3a4c5/labels/train/front_20260123T102239_f0003132.txt
2026-02-27T13:22:04.586181Z,/Volumes/Data/Bareket/experiments/reptilearn4/PV82/20260123/block3/videos/front_20260123T102239.mp4,/Volumes/Data/Bareket/experiments/reptilearn4/PV82/20260123/block3/videos/predictions/front_head_only_resnet_152__front_20260123T102239.parquet,3133,3133,APPLY_NEXT10,/Users/bareketdamari/Dev/PreyTouch/sandbox/videos/manual_labels/front_20260123T102239__0c66a3a4c5/images/train/front_20260123T102239_f0003133.png,/Users/bareketdamari/Dev/PreyTouch/sandbox/videos/manual_labels/front_20260123T102239__0c66a3a4c5/labels/train/front_20260123T102239_f0003133.txt
2026-02-27T13:22:04.690827Z,/Volumes/Data/Bareket/experiments/reptilearn4/PV82/20260123/block3/videos/front_20260123T102239.mp4,/Volumes/Data/Bareket/experiments/reptilearn4/PV82/20260123/block3/videos/predictions/front_head_only_resnet_152__front_20260123T102239.parquet,3134,3134,APPLY_NEXT10,/Users/bareketdamari/Dev/PreyTouch/sandbox/videos/manual_labels/front_20260123T102239__0c66a3a4c5/images/train/front_20260123T102239_f0003134.png,/Users/bareketdamari/Dev/PreyTouch/sandbox/videos/manual_labels/front_20260123T102239__0c66a3a4c5/labels/train/front_20260123T102239_f0003134.txt
2026-02-27T13:22:04.793200Z,/Volumes/Data/Bareket/experiments/reptilearn4/PV82/20260123/block3/videos/front_20260123T102239.mp4,/Volumes/Data/Bareket/experiments/reptilearn4/PV82/20260123/block3/videos/predictions/front_head_only_resnet_152__front_20260123T102239.parquet,3135,3135,APPLY_NEXT10,/Users/bareketdamari/Dev/PreyTouch/sandbox/videos/manual_labels/front_20260123T102239__0c66a3a4c5/images/train/front_20260123T102239_f0003135.png,/Users/bareketdamari/Dev/PreyTouch/sandbox/videos/manual_labels/front_20260123T102239__0c66a3a4c5/labels/train/front_20260123T102239_f0003135.txt
2026-02-27T13:22:04.909309Z,/Volumes/Data/Bareket/experiments/reptilearn4/PV82/20260123/block3/videos/front_20260123T102239.mp4,/Volumes/Data/Bareket/experiments/reptilearn4/PV82/20260123/block3/videos/predictions/front_head_only_resnet_152__front_20260123T102239.parquet,3480,3480,left_ear_cam|mid_ears_cam,/Users/bareketdamari/Dev/PreyTouch/sandbox/videos/manual_labels/front_20260123T102239__0c66a3a4c5/images/train/front_20260123T102239_f0003480.png,/Users/bareketdamari/Dev/PreyTouch/sandbox/videos/manual_labels/front_20260123T102239__0c66a3a4c5/labels/train/front_20260123T102239_f0003480.txt
2026-02-27T13:22:05.063582Z,/Volumes/Data/Bareket/experiments/reptilearn4/PV82/20260123/block3/videos/front_20260123T102239.mp4,/Volumes/Data/Bareket/experiments/reptilearn4/PV82/20260123/block3/videos/predictions/front_head_only_resnet_152__front_20260123T102239.parquet,3481,3481,APPLY_NEXT10,/Users/bareketdamari/Dev/PreyTouch/sandbox/videos/manual_labels/front_20260123T102239__0c66a3a4c5/images/train/front_20260123T102239_f0003481.png,/Users/bareketdamari/Dev/PreyTouch/sandbox/videos/manual_labels/front_20260123T102239__0c66a3a4c5/labels/train/front_20260123T102239_f0003481.txt
2026-02-27T13:22:05.176849Z,/Volumes/Data/Bareket/experiments/reptilearn4/PV82/20260123/block3/videos/front_20260123T102239.mp4,/Volumes/Data/Bareket/experiments/reptilearn4/PV82/20260123/block3/videos/predictions/front_head_only_resnet_152__front_20260123T102239.parquet,3482,3482,APPLY_NEXT10,/Users/bareketdamari/Dev/PreyTouch/sandbox/videos/manual_labels/front_20260123T102239__0c66a3a4c5/images/train/front_20260123T102239_f0003482.png,/Users/bareketdamari/Dev/PreyTouch/sandbox/videos/manual_labels/front_20260123T102239__0c66a3a4c5/labels/train/front_20260123T102239_f0003482.txt
2026-02-27T13:22:05.292245Z,/Volumes/Data/Bareket/experiments/reptilearn4/PV82/20260123/block3/videos/front_20260123T102239.mp4,/Volumes/Data/Bareket/experiments/reptilearn4/PV82/20260123/block3/videos/predictions/front_head_only_resnet_152__front_20260123T102239.parquet,3483,3483,APPLY_NEXT10,/Users/bareketdamari/Dev/PreyTouch/sandbox/videos/manual_labels/front_20260123T102239__0c66a3a4c5/images/train/front_20260123T102239_f0003483.png,/Users/bareketdamari/Dev/PreyTouch/sandbox/videos/manual_labels/front_20260123T102239__0c66a3a4c5/labels/train/front_20260123T102239_f0003483.txt
2026-02-27T13:22:05.413962Z,/Volumes/Data/Bareket/experiments/reptilearn4/PV82/20260123/block3/videos/front_20260123T102239.mp4,/Volumes/Data/Bareket/experiments/reptilearn4/PV82/20260123/block3/videos/predictions/front_head_only_resnet_152__front_20260123T102239.parquet,3484,3484,APPLY_NEXT10,/Users/bareketdamari/Dev/PreyTouch/sandbox/videos/manual_labels/front_20260123T102239__0c66a3a4c5/images/train/front_20260123T102239_f0003484.png,/Users/bareketdamari/Dev/PreyTouch/sandbox/videos/manual_labels/front_20260123T102239__0c66a3a4c5/labels/train/front_20260123T102239_f0003484.txt
2026-02-27T13:22:05.542213Z,/Volumes/Data/Bareket/experiments/reptilearn4/PV82/20260123/block3/videos/front_20260123T102239.mp4,/Volumes/Data/Bareket/experiments/reptilearn4/PV82/20260123/block3/videos/predictions/front_head_only_resnet_152__front_20260123T102239.parquet,3485,3485,APPLY_NEXT10,/Users/bareketdamari/Dev/PreyTouch/sandbox/videos/manual_labels/front_20260123T102239__0c66a3a4c5/images/train/front_20260123T102239_f0003485.png,/Users/bareketdamari/Dev/PreyTouch/sandbox/videos/manual_labels/front_20260123T102239__0c66a3a4c5/labels/train/front_20260123T102239_f0003485.txt
2026-02-27T13:22:05.692619Z,/Volumes/Data/Bareket/experiments/reptilearn4/PV82/20260123/block3/videos/front_20260123T102239.mp4,/Volumes/Data/Bareket/experiments/reptilearn4/PV82/20260123/block3/videos/predictions/front_head_only_resnet_152__front_20260123T102239.parquet,3486,3486,APPLY_NEXT10,/Users/bareketdamari/Dev/PreyTouch/sandbox/videos/manual_labels/front_20260123T102239__0c66a3a4c5/images/train/front_20260123T102239_f0003486.png,/Users/bareketdamari/Dev/PreyTouch/sandbox/videos/manual_labels/front_20260123T102239__0c66a3a4c5/labels/train/front_20260123T102239_f0003486.txt
2026-02-27T13:22:05.819129Z,/Volumes/Data/Bareket/experiments/reptilearn4/PV82/20260123/block3/videos/front_20260123T102239.mp4,/Volumes/Data/Bareket/experiments/reptilearn4/PV82/20260123/block3/videos/predictions/front_head_only_resnet_152__front_20260123T102239.parquet,3487,3487,APPLY_NEXT10,/Users/bareketdamari/Dev/PreyTouch/sandbox/videos/manual_labels/front_20260123T102239__0c66a3a4c5/images/train/front_20260123T102239_f0003487.png,/Users/bareketdamari/Dev/PreyTouch/sandbox/videos/manual_labels/front_20260123T102239__0c66a3a4c5/labels/train/front_20260123T102239_f0003487.txt
2026-02-27T13:22:05.944232Z,/Volumes/Data/Bareket/experiments/reptilearn4/PV82/20260123/block3/videos/front_20260123T102239.mp4,/Volumes/Data/Bareket/experiments/reptilearn4/PV82/20260123/block3/videos/predictions/front_head_only_resnet_152__front_20260123T102239.parquet,3488,3488,APPLY_NEXT10,/Users/bareketdamari/Dev/PreyTouch/sandbox/videos/manual_labels/front_20260123T102239__0c66a3a4c5/images/train/front_20260123T102239_f0003488.png,/Users/bareketdamari/Dev/PreyTouch/sandbox/videos/manual_labels/front_20260123T102239__0c66a3a4c5/labels/train/front_20260123T102239_f0003488.txt
2026-02-27T13:22:06.068562Z,/Volumes/Data/Bareket/experiments/reptilearn4/PV82/20260123/block3/videos/front_20260123T102239.mp4,/Volumes/Data/Bareket/experiments/reptilearn4/PV82/20260123/block3/videos/predictions/front_head_only_resnet_152__front_20260123T102239.parquet,3489,3489,APPLY_NEXT10,/Users/bareketdamari/Dev/PreyTouch/sandbox/videos/manual_labels/front_20260123T102239__0c66a3a4c5/images/train/front_20260123T102239_f0003489.png,/Users/bareketdamari/Dev/PreyTouch/sandbox/videos/manual_labels/front_20260123T102239__0c66a3a4c5/labels/train/front_20260123T102239_f0003489.txt
2026-02-27T13:22:06.188900Z,/Volumes/Data/Bareket/experiments/reptilearn4/PV82/20260123/block3/videos/front_20260123T102239.mp4,/Volumes/Data/Bareket/experiments/reptilearn4/PV82/20260123/block3/videos/predictions/front_head_only_resnet_152__front_20260123T102239.parquet,3490,3490,APPLY_NEXT10,/Users/bareketdamari/Dev/PreyTouch/sandbox/videos/manual_labels/front_20260123T102239__0c66a3a4c5/images/train/front_20260123T102239_f0003490.png,/Users/bareketdamari/Dev/PreyTouch/sandbox/videos/manual_labels/front_20260123T102239__0c66a3a4c5/labels/train/front_20260123T102239_f0003490.txt
2026-02-27T13:22:06.312667Z,/Volumes/Data/Bareket/experiments/reptilearn4/PV82/20260123/block3/videos/front_20260123T102239.mp4,/Volumes/Data/Bareket/experiments/reptilearn4/PV82/20260123/block3/videos/predictions/front_head_only_resnet_152__front_20260123T102239.parquet,3491,3491,APPLY_NEXT10,/Users/bareketdamari/Dev/PreyTouch/sandbox/videos/manual_labels/front_20260123T102239__0c66a3a4c5/images/train/front_20260123T102239_f0003491.png,/Users/bareketdamari/Dev/PreyTouch/sandbox/videos/manual_labels/front_20260123T102239__0c66a3a4c5/labels/train/front_20260123T102239_f0003491.txt
2026-02-27T13:22:06.445836Z,/Volumes/Data/Bareket/experiments/reptilearn4/PV82/20260123/block3/videos/front_20260123T102239.mp4,/Volumes/Data/Bareket/experiments/reptilearn4/PV82/20260123/block3/videos/predictions/front_head_only_resnet_152__front_20260123T102239.parquet,3492,3492,APPLY_NEXT10,/Users/bareketdamari/Dev/PreyTouch/sandbox/videos/manual_labels/front_20260123T102239__0c66a3a4c5/images/train/front_20260123T102239_f0003492.png,/Users/bareketdamari/Dev/PreyTouch/sandbox/videos/manual_labels/front_20260123T102239__0c66a3a4c5/labels/train/front_20260123T102239_f0003492.txt
2026-02-27T13:22:06.598567Z,/Volumes/Data/Bareket/experiments/reptilearn4/PV82/20260123/block3/videos/front_20260123T102239.mp4,/Volumes/Data/Bareket/experiments/reptilearn4/PV82/20260123/block3/videos/predictions/front_head_only_resnet_152__front_20260123T102239.parquet,3493,3493,APPLY_NEXT10,/Users/bareketdamari/Dev/PreyTouch/sandbox/videos/manual_labels/front_20260123T102239__0c66a3a4c5/images/train/front_20260123T102239_f0003493.png,/Users/bareketdamari/Dev/PreyTouch/sandbox/videos/manual_labels/front_20260123T102239__0c66a3a4c5/labels/train/front_20260123T102239_f0003493.txt
2026-02-27T13:22:06.745649Z,/Volumes/Data/Bareket/experiments/reptilearn4/PV82/20260123/block3/videos/front_20260123T102239.mp4,/Volumes/Data/Bareket/experiments/reptilearn4/PV82/20260123/block3/videos/predictions/front_head_only_resnet_152__front_20260123T102239.parquet,3494,3494,APPLY_NEXT10,/Users/bareketdamari/Dev/PreyTouch/sandbox/videos/manual_labels/front_20260123T102239__0c66a3a4c5/images/train/front_20260123T102239_f0003494.png,/Users/bareketdamari/Dev/PreyTouch/sandbox/videos/manual_labels/front_20260123T102239__0c66a3a4c5/labels/train/front_20260123T102239_f0003494.txt
2026-02-27T13:22:06.871876Z,/Volumes/Data/Bareket/experiments/reptilearn4/PV82/20260123/block3/videos/front_20260123T102239.mp4,/Volumes/Data/Bareket/experiments/reptilearn4/PV82/20260123/block3/videos/predictions/front_head_only_resnet_152__front_20260123T102239.parquet,3495,3495,APPLY_NEXT10,/Users/bareketdamari/Dev/PreyTouch/sandbox/videos/manual_labels/front_20260123T102239__0c66a3a4c5/images/train/front_20260123T102239_f0003495.png,/Users/bareketdamari/Dev/PreyTouch/sandbox/videos/manual_labels/front_20260123T102239__0c66a3a4c5/labels/train/front_20260123T102239_f0003495.txt
2026-02-27T13:22:06.995707Z,/Volumes/Data/Bareket/experiments/reptilearn4/PV82/20260123/block3/videos/front_20260123T102239.mp4,/Volumes/Data/Bareket/experiments/reptilearn4/PV82/20260123/block3/videos/predictions/front_head_only_resnet_152__front_20260123T102239.parquet,3496,3496,APPLY_NEXT10,/Users/bareketdamari/Dev/PreyTouch/sandbox/videos/manual_labels/front_20260123T102239__0c66a3a4c5/images/train/front_20260123T102239_f0003496.png,/Users/bareketdamari/Dev/PreyTouch/sandbox/videos/manual_labels/front_20260123T102239__0c66a3a4c5/labels/train/front_20260123T102239_f0003496.txt
2026-02-27T13:22:07.135352Z,/Volumes/Data/Bareket/experiments/reptilearn4/PV82/20260123/block3/videos/front_20260123T102239.mp4,/Volumes/Data/Bareket/experiments/reptilearn4/PV82/20260123/block3/videos/predictions/front_head_only_resnet_152__front_20260123T102239.parquet,3497,3497,APPLY_NEXT10,/Users/bareketdamari/Dev/PreyTouch/sandbox/videos/manual_labels/front_20260123T102239__0c66a3a4c5/images/train/front_20260123T102239_f0003497.png,/Users/bareketdamari/Dev/PreyTouch/sandbox/videos/manual_labels/front_20260123T102239__0c66a3a4c5/labels/train/front_20260123T102239_f0003497.txt
2026-02-27T13:22:07.264643Z,/Volumes/Data/Bareket/experiments/reptilearn4/PV82/20260123/block3/videos/front_20260123T102239.mp4,/Volumes/Data/Bareket/experiments/reptilearn4/PV82/20260123/block3/videos/predictions/front_head_only_resnet_152__front_20260123T102239.parquet,3498,3498,APPLY_NEXT10,/Users/bareketdamari/Dev/PreyTouch/sandbox/videos/manual_labels/front_20260123T102239__0c66a3a4c5/images/train/front_20260123T102239_f0003498.png,/Users/bareketdamari/Dev/PreyTouch/sandbox/videos/manual_labels/front_20260123T102239__0c66a3a4c5/labels/train/front_20260123T102239_f0003498.txt
2026-02-27T13:22:07.395067Z,/Volumes/Data/Bareket/experiments/reptilearn4/PV82/20260123/block3/videos/front_20260123T102239.mp4,/Volumes/Data/Bareket/experiments/reptilearn4/PV82/20260123/block3/videos/predictions/front_head_only_resnet_152__front_20260123T102239.parquet,3499,3499,APPLY_NEXT10,/Users/bareketdamari/Dev/PreyTouch/sandbox/videos/manual_labels/front_20260123T102239__0c66a3a4c5/images/train/front_20260123T102239_f0003499.png,/Users/bareketdamari/Dev/PreyTouch/sandbox/videos/manual_labels/front_20260123T102239__0c66a3a4c5/labels/train/front_20260123T102239_f0003499.txt
2026-02-27T13:22:07.526105Z,/Volumes/Data/Bareket/experiments/reptilearn4/PV82/20260123/block3/videos/front_20260123T102239.mp4,/Volumes/Data/Bareket/experiments/reptilearn4/PV82/20260123/block3/videos/predictions/front_head_only_resnet_152__front_20260123T102239.parquet,3500,3500,APPLY_NEXT10,/Users/bareketdamari/Dev/PreyTouch/sandbox/videos/manual_labels/front_20260123T102239__0c66a3a4c5/images/train/front_20260123T102239_f0003500.png,/Users/bareketdamari/Dev/PreyTouch/sandbox/videos/manual_labels/front_20260123T102239__0c66a3a4c5/labels/train/front_20260123T102239_f0003500.txt
2026-02-27T13:22:07.635977Z,/Volumes/Data/Bareket/experiments/reptilearn4/PV82/20260123/block3/videos/front_20260123T102239.mp4,/Volumes/Data/Bareket/experiments/reptilearn4/PV82/20260123/block3/videos/predictions/front_head_only_resnet_152__front_20260123T102239.parquet,3942,3942,left_ear_cam|mid_ears_cam,/Users/bareketdamari/Dev/PreyTouch/sandbox/videos/manual_labels/front_20260123T102239__0c66a3a4c5/images/train/front_20260123T102239_f0003942.png,/Users/bareketdamari/Dev/PreyTouch/sandbox/videos/manual_labels/front_20260123T102239__0c66a3a4c5/labels/train/front_20260123T102239_f0003942.txt
2026-02-27T13:22:07.743421Z,/Volumes/Data/Bareket/experiments/reptilearn4/PV82/20260123/block3/videos/front_20260123T102239.mp4,/Volumes/Data/Bareket/experiments/reptilearn4/PV82/20260123/block3/videos/predictions/front_head_only_resnet_152__front_20260123T102239.parquet,3943,3943,APPLY_NEXT10,/Users/bareketdamari/Dev/PreyTouch/sandbox/videos/manual_labels/front_20260123T102239__0c66a3a4c5/images/train/front_20260123T102239_f0003943.png,/Users/bareketdamari/Dev/PreyTouch/sandbox/videos/manual_labels/front_20260123T102239__0c66a3a4c5/labels/train/front_20260123T102239_f0003943.txt
2026-02-27T13:22:07.852193Z,/Volumes/Data/Bareket/experiments/reptilearn4/PV82/20260123/block3/videos/front_20260123T102239.mp4,/Volumes/Data/Bareket/experiments/reptilearn4/PV82/20260123/block3/videos/predictions/front_head_only_resnet_152__front_20260123T102239.parquet,3944,3944,APPLY_NEXT10,/Users/bareketdamari/Dev/PreyTouch/sandbox/videos/manual_labels/front_20260123T102239__0c66a3a4c5/images/train/front_20260123T102239_f0003944.png,/Users/bareketdamari/Dev/PreyTouch/sandbox/videos/manual_labels/front_20260123T102239__0c66a3a4c5/labels/train/front_20260123T102239_f0003944.txt
2026-02-27T13:22:07.959781Z,/Volumes/Data/Bareket/experiments/reptilearn4/PV82/20260123/block3/videos/front_20260123T102239.mp4,/Volumes/Data/Bareket/experiments/reptilearn4/PV82/20260123/block3/videos/predictions/front_head_only_resnet_152__front_20260123T102239.parquet,3945,3945,APPLY_NEXT10,/Users/bareketdamari/Dev/PreyTouch/sandbox/videos/manual_labels/front_20260123T102239__0c66a3a4c5/images/train/front_20260123T102239_f0003945.png,/Users/bareketdamari/Dev/PreyTouch/sandbox/videos/manual_labels/front_20260123T102239__0c66a3a4c5/labels/train/front_20260123T102239_f0003945.txt
2026-02-27T13:22:08.068827Z,/Volumes/Data/Bareket/experiments/reptilearn4/PV82/20260123/block3/videos/front_20260123T102239.mp4,/Volumes/Data/Bareket/experiments/reptilearn4/PV82/20260123/block3/videos/predictions/front_head_only_resnet_152__front_20260123T102239.parquet,3946,3946,APPLY_NEXT10,/Users/bareketdamari/Dev/PreyTouch/sandbox/videos/manual_labels/front_20260123T102239__0c66a3a4c5/images/train/front_20260123T102239_f0003946.png,/Users/bareketdamari/Dev/PreyTouch/sandbox/videos/manual_labels/front_20260123T102239__0c66a3a4c5/labels/train/front_20260123T102239_f0003946.txt
2026-02-27T13:22:08.178220Z,/Volumes/Data/Bareket/experiments/reptilearn4/PV82/20260123/block3/videos/front_20260123T102239.mp4,/Volumes/Data/Bareket/experiments/reptilearn4/PV82/20260123/block3/videos/predictions/front_head_only_resnet_152__front_20260123T102239.parquet,3947,3947,APPLY_NEXT10,/Users/bareketdamari/Dev/PreyTouch/sandbox/videos/manual_labels/front_20260123T102239__0c66a3a4c5/images/train/front_20260123T102239_f0003947.png,/Users/bareketdamari/Dev/PreyTouch/sandbox/videos/manual_labels/front_20260123T102239__0c66a3a4c5/labels/train/front_20260123T102239_f0003947.txt
2026-02-27T13:22:08.287774Z,/Volumes/Data/Bareket/experiments/reptilearn4/PV82/20260123/block3/videos/front_20260123T102239.mp4,/Volumes/Data/Bareket/experiments/reptilearn4/PV82/20260123/block3/videos/predictions/front_head_only_resnet_152__front_20260123T102239.parquet,3948,3948,APPLY_NEXT10,/Users/bareketdamari/Dev/PreyTouch/sandbox/videos/manual_labels/front_20260123T102239__0c66a3a4c5/images/train/front_20260123T102239_f0003948.png,/Users/bareketdamari/Dev/PreyTouch/sandbox/videos/manual_labels/front_20260123T102239__0c66a3a4c5/labels/train/front_20260123T102239_f0003948.txt
2026-02-27T13:22:08.394968Z,/Volumes/Data/Bareket/experiments/reptilearn4/PV82/20260123/block3/videos/front_20260123T102239.mp4,/Volumes/Data/Bareket/experiments/reptilearn4/PV82/20260123/block3/videos/predictions/front_head_only_resnet_152__front_20260123T102239.parquet,3949,3949,APPLY_NEXT10,/Users/bareketdamari/Dev/PreyTouch/sandbox/videos/manual_labels/front_20260123T102239__0c66a3a4c5/images/train/front_20260123T102239_f0003949.png,/Users/bareketdamari/Dev/PreyTouch/sandbox/videos/manual_labels/front_20260123T102239__0c66a3a4c5/labels/train/front_20260123T102239_f0003949.txt
2026-02-27T13:22:08.503902Z,/Volumes/Data/Bareket/experiments/reptilearn4/PV82/20260123/block3/videos/front_20260123T102239.mp4,/Volumes/Data/Bareket/experiments/reptilearn4/PV82/20260123/block3/videos/predictions/front_head_only_resnet_152__front_20260123T102239.parquet,3950,3950,APPLY_NEXT10,/Users/bareketdamari/Dev/PreyTouch/sandbox/videos/manual_labels/front_20260123T102239__0c66a3a4c5/images/train/front_20260123T102239_f0003950.png,/Users/bareketdamari/Dev/PreyTouch/sandbox/videos/manual_labels/front_20260123T102239__0c66a3a4c5/labels/train/front_20260123T102239_f0003950.txt
2026-02-27T13:22:08.610267Z,/Volumes/Data/Bareket/experiments/reptilearn4/PV82/20260123/block3/videos/front_20260123T102239.mp4,/Volumes/Data/Bareket/experiments/reptilearn4/PV82/20260123/block3/videos/predictions/front_head_only_resnet_152__front_20260123T102239.parquet,3951,3951,APPLY_NEXT10,/Users/bareketdamari/Dev/PreyTouch/sandbox/videos/manual_labels/front_20260123T102239__0c66a3a4c5/images/train/front_20260123T102239_f0003951.png,/Users/bareketdamari/Dev/PreyTouch/sandbox/videos/manual_labels/front_20260123T102239__0c66a3a4c5/labels/train/front_20260123T102239_f0003951.txt
2026-02-27T13:22:08.718083Z,/Volumes/Data/Bareket/experiments/reptilearn4/PV82/20260123/block3/videos/front_20260123T102239.mp4,/Volumes/Data/Bareket/experiments/reptilearn4/PV82/20260123/block3/videos/predictions/front_head_only_resnet_152__front_20260123T102239.parquet,3952,3952,APPLY_NEXT10,/Users/bareketdamari/Dev/PreyTouch/sandbox/videos/manual_labels/front_20260123T102239__0c66a3a4c5/images/train/front_20260123T102239_f0003952.png,/Users/bareketdamari/Dev/PreyTouch/sandbox/videos/manual_labels/front_20260123T102239__0c66a3a4c5/labels/train/front_20260123T102239_f0003952.txt
2026-02-27T13:22:08.847517Z,/Volumes/Data/Bareket/experiments/reptilearn4/PV82/20260123/block3/videos/front_20260123T102239.mp4,/Volumes/Data/Bareket/experiments/reptilearn4/PV82/20260123/block3/videos/predictions/front_head_only_resnet_152__front_20260123T102239.parquet,5007,5007,NO_HEAD,/Users/bareketdamari/Dev/PreyTouch/sandbox/videos/manual_labels/front_20260123T102239__0c66a3a4c5/images/train/front_20260123T102239_f0005007.png,/Users/bareketdamari/Dev/PreyTouch/sandbox/videos/manual_labels/front_20260123T102239__0c66a3a4c5/labels/train/front_20260123T102239_f0005007.txt
2026-02-27T13:22:08.979682Z,/Volumes/Data/Bareket/experiments/reptilearn4/PV82/20260123/block3/videos/front_20260123T102239.mp4,/Volumes/Data/Bareket/experiments/reptilearn4/PV82/20260123/block3/videos/predictions/front_head_only_resnet_152__front_20260123T102239.parquet,5008,5008,APPLY_NEXT10,/Users/bareketdamari/Dev/PreyTouch/sandbox/videos/manual_labels/front_20260123T102239__0c66a3a4c5/images/train/front_20260123T102239_f0005008.png,/Users/bareketdamari/Dev/PreyTouch/sandbox/videos/manual_labels/front_20260123T102239__0c66a3a4c5/labels/train/front_20260123T102239_f0005008.txt
2026-02-27T13:22:09.112323Z,/Volumes/Data/Bareket/experiments/reptilearn4/PV82/20260123/block3/videos/front_20260123T102239.mp4,/Volumes/Data/Bareket/experiments/reptilearn4/PV82/20260123/block3/videos/predictions/front_head_only_resnet_152__front_20260123T102239.parquet,5009,5009,APPLY_NEXT10,/Users/bareketdamari/Dev/PreyTouch/sandbox/videos/manual_labels/front_20260123T102239__0c66a3a4c5/images/train/front_20260123T102239_f0005009.png,/Users/bareketdamari/Dev/PreyTouch/sandbox/videos/manual_labels/front_20260123T102239__0c66a3a4c5/labels/train/front_20260123T102239_f0005009.txt
2026-02-27T13:22:09.244226Z,/Volumes/Data/Bareket/experiments/reptilearn4/PV82/20260123/block3/videos/front_20260123T102239.mp4,/Volumes/Data/Bareket/experiments/reptilearn4/PV82/20260123/block3/videos/predictions/front_head_only_resnet_152__front_20260123T102239.parquet,5010,5010,APPLY_NEXT10,/Users/bareketdamari/Dev/PreyTouch/sandbox/videos/manual_labels/front_20260123T102239__0c66a3a4c5/images/train/front_20260123T102239_f0005010.png,/Users/bareketdamari/Dev/PreyTouch/sandbox/videos/manual_labels/front_20260123T102239__0c66a3a4c5/labels/train/front_20260123T102239_f0005010.txt
2026-02-27T13:22:09.376425Z,/Volumes/Data/Bareket/experiments/reptilearn4/PV82/20260123/block3/videos/front_20260123T102239.mp4,/Volumes/Data/Bareket/experiments/reptilearn4/PV82/20260123/block3/videos/predictions/front_head_only_resnet_152__front_20260123T102239.parquet,5011,5011,APPLY_NEXT10,/Users/bareketdamari/Dev/PreyTouch/sandbox/videos/manual_labels/front_20260123T102239__0c66a3a4c5/images/train/front_20260123T102239_f0005011.png,/Users/bareketdamari/Dev/PreyTouch/sandbox/videos/manual_labels/front_20260123T102239__0c66a3a4c5/labels/train/front_20260123T102239_f0005011.txt
2026-02-27T13:22:09.509489Z,/Volumes/Data/Bareket/experiments/reptilearn4/PV82/20260123/block3/videos/front_20260123T102239.mp4,/Volumes/Data/Bareket/experiments/reptilearn4/PV82/20260123/block3/videos/predictions/front_head_only_resnet_152__front_20260123T102239.parquet,5012,5012,APPLY_NEXT10,/Users/bareketdamari/Dev/PreyTouch/sandbox/videos/manual_labels/front_20260123T102239__0c66a3a4c5/images/train/front_20260123T102239_f0005012.png,/Users/bareketdamari/Dev/PreyTouch/sandbox/videos/manual_labels/front_20260123T102239__0c66a3a4c5/labels/train/front_20260123T102239_f0005012.txt
2026-02-27T13:22:09.639688Z,/Volumes/Data/Bareket/experiments/reptilearn4/PV82/20260123/block3/videos/front_20260123T102239.mp4,/Volumes/Data/Bareket/experiments/reptilearn4/PV82/20260123/block3/videos/predictions/front_head_only_resnet_152__front_20260123T102239.parquet,5013,5013,APPLY_NEXT10,/Users/bareketdamari/Dev/PreyTouch/sandbox/videos/manual_labels/front_20260123T102239__0c66a3a4c5/images/train/front_20260123T102239_f0005013.png,/Users/bareketdamari/Dev/PreyTouch/sandbox/videos/manual_labels/front_20260123T102239__0c66a3a4c5/labels/train/front_20260123T102239_f0005013.txt
2026-02-27T13:22:09.771243Z,/Volumes/Data/Bareket/experiments/reptilearn4/PV82/20260123/block3/videos/front_20260123T102239.mp4,/Volumes/Data/Bareket/experiments/reptilearn4/PV82/20260123/block3/videos/predictions/front_head_only_resnet_152__front_20260123T102239.parquet,5014,5014,APPLY_NEXT10,/Users/bareketdamari/Dev/PreyTouch/sandbox/videos/manual_labels/front_20260123T102239__0c66a3a4c5/images/train/front_20260123T102239_f0005014.png,/Users/bareketdamari/Dev/PreyTouch/sandbox/videos/manual_labels/front_20260123T102239__0c66a3a4c5/labels/train/front_20260123T102239_f0005014.txt
2026-02-27T13:22:09.902334Z,/Volumes/Data/Bareket/experiments/reptilearn4/PV82/20260123/block3/videos/front_20260123T102239.mp4,/Volumes/Data/Bareket/experiments/reptilearn4/PV82/20260123/block3/videos/predictions/front_head_only_resnet_152__front_20260123T102239.parquet,5015,5015,APPLY_NEXT10,/Users/bareketdamari/Dev/PreyTouch/sandbox/videos/manual_labels/front_20260123T102239__0c66a3a4c5/images/train/front_20260123T102239_f0005015.png,/Users/bareketdamari/Dev/PreyTouch/sandbox/videos/manual_labels/front_20260123T102239__0c66a3a4c5/labels/train/front_20260123T102239_f0005015.txt
2026-02-27T13:22:09.982698Z,/Volumes/Data/Bareket/experiments/reptilearn4/PV82/20260123/block3/videos/front_20260123T102239.mp4,/Volumes/Data/Bareket/experiments/reptilearn4/PV82/20260123/block3/videos/predictions/front_head_only_resnet_152__front_20260123T102239.parquet,5016,5016,APPLY_NEXT10,/Users/bareketdamari/Dev/PreyTouch/sandbox/videos/manual_labels/front_20260123T102239__0c66a3a4c5/images/train/front_20260123T102239_f0005016.png,/Users/bareketdamari/Dev/PreyTouch/sandbox/videos/manual_labels/front_20260123T102239__0c66a3a4c5/labels/train/front_20260123T102239_f0005016.txt
2026-02-27T13:22:10.062175Z,/Volumes/Data/Bareket/experiments/reptilearn4/PV82/20260123/block3/videos/front_20260123T102239.mp4,/Volumes/Data/Bareket/experiments/reptilearn4/PV82/20260123/block3/videos/predictions/front_head_only_resnet_152__front_20260123T102239.parquet,5017,5017,APPLY_NEXT10,/Users/bareketdamari/Dev/PreyTouch/sandbox/videos/manual_labels/front_20260123T102239__0c66a3a4c5/images/train/front_20260123T102239_f0005017.png,/Users/bareketdamari/Dev/PreyTouch/sandbox/videos/manual_labels/front_20260123T102239__0c66a3a4c5/labels/train/front_20260123T102239_f0005017.txt
2026-02-27T13:22:10.175084Z,/Volumes/Data/Bareket/experiments/reptilearn4/PV82/20260123/block3/videos/front_20260123T102239.mp4,/Volumes/Data/Bareket/experiments/reptilearn4/PV82/20260123/block3/videos/predictions/front_head_only_resnet_152__front_20260123T102239.parquet,5220,5220,NO_HEAD,/Users/bareketdamari/Dev/PreyTouch/sandbox/videos/manual_labels/front_20260123T102239__0c66a3a4c5/images/train/front_20260123T102239_f0005220.png,/Users/bareketdamari/Dev/PreyTouch/sandbox/videos/manual_labels/front_20260123T102239__0c66a3a4c5/labels/train/front_20260123T102239_f0005220.txt
2026-02-27T13:22:10.294422Z,/Volumes/Data/Bareket/experiments/reptilearn4/PV82/20260123/block3/videos/front_20260123T102239.mp4,/Volumes/Data/Bareket/experiments/reptilearn4/PV82/20260123/block3/videos/predictions/front_head_only_resnet_152__front_20260123T102239.parquet,5221,5221,APPLY_NEXT10,/Users/bareketdamari/Dev/PreyTouch/sandbox/videos/manual_labels/front_20260123T102239__0c66a3a4c5/images/train/front_20260123T102239_f0005221.png,/Users/bareketdamari/Dev/PreyTouch/sandbox/videos/manual_labels/front_20260123T102239__0c66a3a4c5/labels/train/front_20260123T102239_f0005221.txt
2026-02-27T13:22:10.410212Z,/Volumes/Data/Bareket/experiments/reptilearn4/PV82/20260123/block3/videos/front_20260123T102239.mp4,/Volumes/Data/Bareket/experiments/reptilearn4/PV82/20260123/block3/videos/predictions/front_head_only_resnet_152__front_20260123T102239.parquet,5222,5222,APPLY_NEXT10,/Users/bareketdamari/Dev/PreyTouch/sandbox/videos/manual_labels/front_20260123T102239__0c66a3a4c5/images/train/front_20260123T102239_f0005222.png,/Users/bareketdamari/Dev/PreyTouch/sandbox/videos/manual_labels/front_20260123T102239__0c66a3a4c5/labels/train/front_20260123T102239_f0005222.txt
2026-02-27T13:22:10.523986Z,/Volumes/Data/Bareket/experiments/reptilearn4/PV82/20260123/block3/videos/front_20260123T102239.mp4,/Volumes/Data/Bareket/experiments/reptilearn4/PV82/20260123/block3/videos/predictions/front_head_only_resnet_152__front_20260123T102239.parquet,5223,5223,APPLY_NEXT10,/Users/bareketdamari/Dev/PreyTouch/sandbox/videos/manual_labels/front_20260123T102239__0c66a3a4c5/images/train/front_20260123T102239_f0005223.png,/Users/bareketdamari/Dev/PreyTouch/sandbox/videos/manual_labels/front_20260123T102239__0c66a3a4c5/labels/train/front_20260123T102239_f0005223.txt
2026-02-27T13:22:10.636981Z,/Volumes/Data/Bareket/experiments/reptilearn4/PV82/20260123/block3/videos/front_20260123T102239.mp4,/Volumes/Data/Bareket/experiments/reptilearn4/PV82/20260123/block3/videos/predictions/front_head_only_resnet_152__front_20260123T102239.parquet,5224,5224,APPLY_NEXT10,/Users/bareketdamari/Dev/PreyTouch/sandbox/videos/manual_labels/front_20260123T102239__0c66a3a4c5/images/train/front_20260123T102239_f0005224.png,/Users/bareketdamari/Dev/PreyTouch/sandbox/videos/manual_labels/front_20260123T102239__0c66a3a4c5/labels/train/front_20260123T102239_f0005224.txt
2026-02-27T13:22:10.750570Z,/Volumes/Data/Bareket/experiments/reptilearn4/PV82/20260123/block3/videos/front_20260123T102239.mp4,/Volumes/Data/Bareket/experiments/reptilearn4/PV82/20260123/block3/videos/predictions/front_head_only_resnet_152__front_20260123T102239.parquet,5225,5225,APPLY_NEXT10,/Users/bareketdamari/Dev/PreyTouch/sandbox/videos/manual_labels/front_20260123T102239__0c66a3a4c5/images/train/front_20260123T102239_f0005225.png,/Users/bareketdamari/Dev/PreyTouch/sandbox/videos/manual_labels/front_20260123T102239__0c66a3a4c5/labels/train/front_20260123T102239_f0005225.txt
2026-02-27T13:22:10.864721Z,/Volumes/Data/Bareket/experiments/reptilearn4/PV82/20260123/block3/videos/front_20260123T102239.mp4,/Volumes/Data/Bareket/experiments/reptilearn4/PV82/20260123/block3/videos/predictions/front_head_only_resnet_152__front_20260123T102239.parquet,5226,5226,APPLY_NEXT10,/Users/bareketdamari/Dev/PreyTouch/sandbox/videos/manual_labels/front_20260123T102239__0c66a3a4c5/images/train/front_20260123T102239_f0005226.png,/Users/bareketdamari/Dev/PreyTouch/sandbox/videos/manual_labels/front_20260123T102239__0c66a3a4c5/labels/train/front_20260123T102239_f0005226.txt
2026-02-27T13:22:10.976920Z,/Volumes/Data/Bareket/experiments/reptilearn4/PV82/20260123/block3/videos/front_20260123T102239.mp4,/Volumes/Data/Bareket/experiments/reptilearn4/PV82/20260123/block3/videos/predictions/front_head_only_resnet_152__front_20260123T102239.parquet,5227,5227,APPLY_NEXT10,/Users/bareketdamari/Dev/PreyTouch/sandbox/videos/manual_labels/front_20260123T102239__0c66a3a4c5/images/train/front_20260123T102239_f0005227.png,/Users/bareketdamari/Dev/PreyTouch/sandbox/videos/manual_labels/front_20260123T102239__0c66a3a4c5/labels/train/front_20260123T102239_f0005227.txt
2026-02-27T13:22:11.090328Z,/Volumes/Data/Bareket/experiments/reptilearn4/PV82/20260123/block3/videos/front_20260123T102239.mp4,/Volumes/Data/Bareket/experiments/reptilearn4/PV82/20260123/block3/videos/predictions/front_head_only_resnet_152__front_20260123T102239.parquet,5228,5228,APPLY_NEXT10,/Users/bareketdamari/Dev/PreyTouch/sandbox/videos/manual_labels/front_20260123T102239__0c66a3a4c5/images/train/front_20260123T102239_f0005228.png,/Users/bareketdamari/Dev/PreyTouch/sandbox/videos/manual_labels/front_20260123T102239__0c66a3a4c5/labels/train/front_20260123T102239_f0005228.txt
2026-02-27T13:22:11.203401Z,/Volumes/Data/Bareket/experiments/reptilearn4/PV82/20260123/block3/videos/front_20260123T102239.mp4,/Volumes/Data/Bareket/experiments/reptilearn4/PV82/20260123/block3/videos/predictions/front_head_only_resnet_152__front_20260123T102239.parquet,5229,5229,APPLY_NEXT10,/Users/bareketdamari/Dev/PreyTouch/sandbox/videos/manual_labels/front_20260123T102239__0c66a3a4c5/images/train/front_20260123T102239_f0005229.png,/Users/bareketdamari/Dev/PreyTouch/sandbox/videos/manual_labels/front_20260123T102239__0c66a3a4c5/labels/train/front_20260123T102239_f0005229.txt
2026-02-27T13:22:11.318449Z,/Volumes/Data/Bareket/experiments/reptilearn4/PV82/20260123/block3/videos/front_20260123T102239.mp4,/Volumes/Data/Bareket/experiments/reptilearn4/PV82/20260123/block3/videos/predictions/front_head_only_resnet_152__front_20260123T102239.parquet,5230,5230,APPLY_NEXT10,/Users/bareketdamari/Dev/PreyTouch/sandbox/videos/manual_labels/front_20260123T102239__0c66a3a4c5/images/train/front_20260123T102239_f0005230.png,/Users/bareketdamari/Dev/PreyTouch/sandbox/videos/manual_labels/front_20260123T102239__0c66a3a4c5/labels/train/front_20260123T102239_f0005230.txt
2026-02-27T13:22:11.418514Z,/Volumes/Data/Bareket/experiments/reptilearn4/PV82/20260123/block3/videos/front_20260123T102239.mp4,/Volumes/Data/Bareket/experiments/reptilearn4/PV82/20260123/block3/videos/predictions/front_head_only_resnet_152__front_20260123T102239.parquet,8025,8025,NO_HEAD,/Users/bareketdamari/Dev/PreyTouch/sandbox/videos/manual_labels/front_20260123T102239__0c66a3a4c5/images/train/front_20260123T102239_f0008025.png,/Users/bareketdamari/Dev/PreyTouch/sandbox/videos/manual_labels/front_20260123T102239__0c66a3a4c5/labels/train/front_20260123T102239_f0008025.txt
2026-02-27T13:22:11.526246Z,/Volumes/Data/Bareket/experiments/reptilearn4/PV82/20260123/block3/videos/front_20260123T102239.mp4,/Volumes/Data/Bareket/experiments/reptilearn4/PV82/20260123/block3/videos/predictions/front_head_only_resnet_152__front_20260123T102239.parquet,11186,11186,NO_HEAD,/Users/bareketdamari/Dev/PreyTouch/sandbox/videos/manual_labels/front_20260123T102239__0c66a3a4c5/images/train/front_20260123T102239_f0011186.png,/Users/bareketdamari/Dev/PreyTouch/sandbox/videos/manual_labels/front_20260123T102239__0c66a3a4c5/labels/train/front_20260123T102239_f0011186.txt
2026-02-27T13:22:11.631712Z,/Volumes/Data/Bareket/experiments/reptilearn4/PV82/20260123/block3/videos/front_20260123T102239.mp4,/Volumes/Data/Bareket/experiments/reptilearn4/PV82/20260123/block3/videos/predictions/front_head_only_resnet_152__front_20260123T102239.parquet,11187,11187,APPLY_NEXT10,/Users/bareketdamari/Dev/PreyTouch/sandbox/videos/manual_labels/front_20260123T102239__0c66a3a4c5/images/train/front_20260123T102239_f0011187.png,/Users/bareketdamari/Dev/PreyTouch/sandbox/videos/manual_labels/front_20260123T102239__0c66a3a4c5/labels/train/front_20260123T102239_f0011187.txt
2026-02-27T13:22:11.739500Z,/Volumes/Data/Bareket/experiments/reptilearn4/PV82/20260123/block3/videos/front_20260123T102239.mp4,/Volumes/Data/Bareket/experiments/reptilearn4/PV82/20260123/block3/videos/predictions/front_head_only_resnet_152__front_20260123T102239.parquet,11188,11188,APPLY_NEXT10,/Users/bareketdamari/Dev/PreyTouch/sandbox/videos/manual_labels/front_20260123T102239__0c66a3a4c5/images/train/front_20260123T102239_f0011188.png,/Users/bareketdamari/Dev/PreyTouch/sandbox/videos/manual_labels/front_20260123T102239__0c66a3a4c5/labels/train/front_20260123T102239_f0011188.txt
2026-02-27T13:22:11.846434Z,/Volumes/Data/Bareket/experiments/reptilearn4/PV82/20260123/block3/videos/front_20260123T102239.mp4,/Volumes/Data/Bareket/experiments/reptilearn4/PV82/20260123/block3/videos/predictions/front_head_only_resnet_152__front_20260123T102239.parquet,11189,11189,APPLY_NEXT10,/Users/bareketdamari/Dev/PreyTouch/sandbox/videos/manual_labels/front_20260123T102239__0c66a3a4c5/images/train/front_20260123T102239_f0011189.png,/Users/bareketdamari/Dev/PreyTouch/sandbox/videos/manual_labels/front_20260123T102239__0c66a3a4c5/labels/train/front_20260123T102239_f0011189.txt
2026-02-27T13:22:11.954008Z,/Volumes/Data/Bareket/experiments/reptilearn4/PV82/20260123/block3/videos/front_20260123T102239.mp4,/Volumes/Data/Bareket/experiments/reptilearn4/PV82/20260123/block3/videos/predictions/front_head_only_resnet_152__front_20260123T102239.parquet,11190,11190,APPLY_NEXT10,/Users/bareketdamari/Dev/PreyTouch/sandbox/videos/manual_labels/front_20260123T102239__0c66a3a4c5/images/train/front_20260123T102239_f0011190.png,/Users/bareketdamari/Dev/PreyTouch/sandbox/videos/manual_labels/front_20260123T102239__0c66a3a4c5/labels/train/front_20260123T102239_f0011190.txt
2026-02-27T13:22:12.060308Z,/Volumes/Data/Bareket/experiments/reptilearn4/PV82/20260123/block3/videos/front_20260123T102239.mp4,/Volumes/Data/Bareket/experiments/reptilearn4/PV82/20260123/block3/videos/predictions/front_head_only_resnet_152__front_20260123T102239.parquet,11191,11191,APPLY_NEXT10,/Users/bareketdamari/Dev/PreyTouch/sandbox/videos/manual_labels/front_20260123T102239__0c66a3a4c5/images/train/front_20260123T102239_f0011191.png,/Users/bareketdamari/Dev/PreyTouch/sandbox/videos/manual_labels/front_20260123T102239__0c66a3a4c5/labels/train/front_20260123T102239_f0011191.txt
2026-02-27T13:22:12.168756Z,/Volumes/Data/Bareket/experiments/reptilearn4/PV82/20260123/block3/videos/front_20260123T102239.mp4,/Volumes/Data/Bareket/experiments/reptilearn4/PV82/20260123/block3/videos/predictions/front_head_only_resnet_152__front_20260123T102239.parquet,11192,11192,APPLY_NEXT10,/Users/bareketdamari/Dev/PreyTouch/sandbox/videos/manual_labels/front_20260123T102239__0c66a3a4c5/images/train/front_20260123T102239_f0011192.png,/Users/bareketdamari/Dev/PreyTouch/sandbox/videos/manual_labels/front_20260123T102239__0c66a3a4c5/labels/train/front_20260123T102239_f0011192.txt
2026-02-27T13:22:12.274981Z,/Volumes/Data/Bareket/experiments/reptilearn4/PV82/20260123/block3/videos/front_20260123T102239.mp4,/Volumes/Data/Bareket/experiments/reptilearn4/PV82/20260123/block3/videos/predictions/front_head_only_resnet_152__front_20260123T102239.parquet,11193,11193,APPLY_NEXT10,/Users/bareketdamari/Dev/PreyTouch/sandbox/videos/manual_labels/front_20260123T102239__0c66a3a4c5/images/train/front_20260123T102239_f0011193.png,/Users/bareketdamari/Dev/PreyTouch/sandbox/videos/manual_labels/front_20260123T102239__0c66a3a4c5/labels/train/front_20260123T102239_f0011193.txt
2026-02-27T13:22:12.381962Z,/Volumes/Data/Bareket/experiments/reptilearn4/PV82/20260123/block3/videos/front_20260123T102239.mp4,/Volumes/Data/Bareket/experiments/reptilearn4/PV82/20260123/block3/videos/predictions/front_head_only_resnet_152__front_20260123T102239.parquet,11194,11194,APPLY_NEXT10,/Users/bareketdamari/Dev/PreyTouch/sandbox/videos/manual_labels/front_20260123T102239__0c66a3a4c5/images/train/front_20260123T102239_f0011194.png,/Users/bareketdamari/Dev/PreyTouch/sandbox/videos/manual_labels/front_20260123T102239__0c66a3a4c5/labels/train/front_20260123T102239_f0011194.txt
2026-02-27T13:22:12.488315Z,/Volumes/Data/Bareket/experiments/reptilearn4/PV82/20260123/block3/videos/front_20260123T102239.mp4,/Volumes/Data/Bareket/experiments/reptilearn4/PV82/20260123/block3/videos/predictions/front_head_only_resnet_152__front_20260123T102239.parquet,11195,11195,APPLY_NEXT10,/Users/bareketdamari/Dev/PreyTouch/sandbox/videos/manual_labels/front_20260123T102239__0c66a3a4c5/images/train/front_20260123T102239_f0011195.png,/Users/bareketdamari/Dev/PreyTouch/sandbox/videos/manual_labels/front_20260123T102239__0c66a3a4c5/labels/train/front_20260123T102239_f0011195.txt
2026-02-27T13:22:12.595824Z,/Volumes/Data/Bareket/experiments/reptilearn4/PV82/20260123/block3/videos/front_20260123T102239.mp4,/Volumes/Data/Bareket/experiments/reptilearn4/PV82/20260123/block3/videos/predictions/front_head_only_resnet_152__front_20260123T102239.parquet,11196,11196,APPLY_NEXT10,/Users/bareketdamari/Dev/PreyTouch/sandbox/videos/manual_labels/front_20260123T102239__0c66a3a4c5/images/train/front_20260123T102239_f0011196.png,/Users/bareketdamari/Dev/PreyTouch/sandbox/videos/manual_labels/front_20260123T102239__0c66a3a4c5/labels/train/front_20260123T102239_f0011196.txt
2026-02-27T13:23:35.544013Z,/Volumes/Data/Bareket/experiments/reptilearn4/PV82/20260123/block3/videos/front_20260123T102239.mp4,/Volumes/Data/Bareket/experiments/reptilearn4/PV82/20260123/block3/videos/predictions/front_head_only_resnet_152__front_20260123T102239.parquet,15864,15864,mid_ears_cam|right_ear_cam,/Users/bareketdamari/Dev/PreyTouch/sandbox/videos/manual_labels/front_20260123T102239__0c66a3a4c5/images/train/front_20260123T102239_f0015864.png,/Users/bareketdamari/Dev/PreyTouch/sandbox/videos/manual_labels/front_20260123T102239__0c66a3a4c5/labels/train/front_20260123T102239_f0015864.txt
2026-02-27T13:23:35.651305Z,/Volumes/Data/Bareket/experiments/reptilearn4/PV82/20260123/block3/videos/front_20260123T102239.mp4,/Volumes/Data/Bareket/experiments/reptilearn4/PV82/20260123/block3/videos/predictions/front_head_only_resnet_152__front_20260123T102239.parquet,15865,15865,APPLY_NEXT10,/Users/bareketdamari/Dev/PreyTouch/sandbox/videos/manual_labels/front_20260123T102239__0c66a3a4c5/images/train/front_20260123T102239_f0015865.png,/Users/bareketdamari/Dev/PreyTouch/sandbox/videos/manual_labels/front_20260123T102239__0c66a3a4c5/labels/train/front_20260123T102239_f0015865.txt
2026-02-27T13:23:35.759464Z,/Volumes/Data/Bareket/experiments/reptilearn4/PV82/20260123/block3/videos/front_20260123T102239.mp4,/Volumes/Data/Bareket/experiments/reptilearn4/PV82/20260123/block3/videos/predictions/front_head_only_resnet_152__front_20260123T102239.parquet,15866,15866,APPLY_NEXT10,/Users/bareketdamari/Dev/PreyTouch/sandbox/videos/manual_labels/front_20260123T102239__0c66a3a4c5/images/train/front_20260123T102239_f0015866.png,/Users/bareketdamari/Dev/PreyTouch/sandbox/videos/manual_labels/front_20260123T102239__0c66a3a4c5/labels/train/front_20260123T102239_f0015866.txt
2026-02-27T13:23:35.865858Z,/Volumes/Data/Bareket/experiments/reptilearn4/PV82/20260123/block3/videos/front_20260123T102239.mp4,/Volumes/Data/Bareket/experiments/reptilearn4/PV82/20260123/block3/videos/predictions/front_head_only_resnet_152__front_20260123T102239.parquet,15867,15867,APPLY_NEXT10,/Users/bareketdamari/Dev/PreyTouch/sandbox/videos/manual_labels/front_20260123T102239__0c66a3a4c5/images/train/front_20260123T102239_f0015867.png,/Users/bareketdamari/Dev/PreyTouch/sandbox/videos/manual_labels/front_20260123T102239__0c66a3a4c5/labels/train/front_20260123T102239_f0015867.txt
2026-02-27T13:23:35.972081Z,/Volumes/Data/Bareket/experiments/reptilearn4/PV82/20260123/block3/videos/front_20260123T102239.mp4,/Volumes/Data/Bareket/experiments/reptilearn4/PV82/20260123/block3/videos/predictions/front_head_only_resnet_152__front_20260123T102239.parquet,15868,15868,APPLY_NEXT10,/Users/bareketdamari/Dev/PreyTouch/sandbox/videos/manual_labels/front_20260123T102239__0c66a3a4c5/images/train/front_20260123T102239_f0015868.png,/Users/bareketdamari/Dev/PreyTouch/sandbox/videos/manual_labels/front_20260123T102239__0c66a3a4c5/labels/train/front_20260123T102239_f0015868.txt
2026-02-27T13:23:36.077677Z,/Volumes/Data/Bareket/experiments/reptilearn4/PV82/20260123/block3/videos/front_20260123T102239.mp4,/Volumes/Data/Bareket/experiments/reptilearn4/PV82/20260123/block3/videos/predictions/front_head_only_resnet_152__front_20260123T102239.parquet,15869,15869,APPLY_NEXT10,/Users/bareketdamari/Dev/PreyTouch/sandbox/videos/manual_labels/front_20260123T102239__0c66a3a4c5/images/train/front_20260123T102239_f0015869.png,/Users/bareketdamari/Dev/PreyTouch/sandbox/videos/manual_labels/front_20260123T102239__0c66a3a4c5/labels/train/front_20260123T102239_f0015869.txt
2026-02-27T13:23:36.184293Z,/Volumes/Data/Bareket/experiments/reptilearn4/PV82/20260123/block3/videos/front_20260123T102239.mp4,/Volumes/Data/Bareket/experiments/reptilearn4/PV82/20260123/block3/videos/predictions/front_head_only_resnet_152__front_20260123T102239.parquet,15870,15870,APPLY_NEXT10,/Users/bareketdamari/Dev/PreyTouch/sandbox/videos/manual_labels/front_20260123T102239__0c66a3a4c5/images/train/front_20260123T102239_f0015870.png,/Users/bareketdamari/Dev/PreyTouch/sandbox/videos/manual_labels/front_20260123T102239__0c66a3a4c5/labels/train/front_20260123T102239_f0015870.txt
2026-02-27T13:23:36.289598Z,/Volumes/Data/Bareket/experiments/reptilearn4/PV82/20260123/block3/videos/front_20260123T102239.mp4,/Volumes/Data/Bareket/experiments/reptilearn4/PV82/20260123/block3/videos/predictions/front_head_only_resnet_152__front_20260123T102239.parquet,15871,15871,APPLY_NEXT10,/Users/bareketdamari/Dev/PreyTouch/sandbox/videos/manual_labels/front_20260123T102239__0c66a3a4c5/images/train/front_20260123T102239_f0015871.png,/Users/bareketdamari/Dev/PreyTouch/sandbox/videos/manual_labels/front_20260123T102239__0c66a3a4c5/labels/train/front_20260123T102239_f0015871.txt
2026-02-27T13:23:36.398139Z,/Volumes/Data/Bareket/experiments/reptilearn4/PV82/20260123/block3/videos/front_20260123T102239.mp4,/Volumes/Data/Bareket/experiments/reptilearn4/PV82/20260123/block3/videos/predictions/front_head_only_resnet_152__front_20260123T102239.parquet,15872,15872,APPLY_NEXT10,/Users/bareketdamari/Dev/PreyTouch/sandbox/videos/manual_labels/front_20260123T102239__0c66a3a4c5/images/train/front_20260123T102239_f0015872.png,/Users/bareketdamari/Dev/PreyTouch/sandbox/videos/manual_labels/front_20260123T102239__0c66a3a4c5/labels/train/front_20260123T102239_f0015872.txt
2026-02-27T13:23:36.504402Z,/Volumes/Data/Bareket/experiments/reptilearn4/PV82/20260123/block3/videos/front_20260123T102239.mp4,/Volumes/Data/Bareket/experiments/reptilearn4/PV82/20260123/block3/videos/predictions/front_head_only_resnet_152__front_20260123T102239.parquet,15873,15873,APPLY_NEXT10,/Users/bareketdamari/Dev/PreyTouch/sandbox/videos/manual_labels/front_20260123T102239__0c66a3a4c5/images/train/front_20260123T102239_f0015873.png,/Users/bareketdamari/Dev/PreyTouch/sandbox/videos/manual_labels/front_20260123T102239__0c66a3a4c5/labels/train/front_20260123T102239_f0015873.txt
2026-02-27T13:23:36.611060Z,/Volumes/Data/Bareket/experiments/reptilearn4/PV82/20260123/block3/videos/front_20260123T102239.mp4,/Volumes/Data/Bareket/experiments/reptilearn4/PV82/20260123/block3/videos/predictions/front_head_only_resnet_152__front_20260123T102239.parquet,15874,15874,APPLY_NEXT10,/Users/bareketdamari/Dev/PreyTouch/sandbox/videos/manual_labels/front_20260123T102239__0c66a3a4c5/images/train/front_20260123T102239_f0015874.png,/Users/bareketdamari/Dev/PreyTouch/sandbox/videos/manual_labels/front_20260123T102239__0c66a3a4c5/labels/train/front_20260123T102239_f0015874.txt
2026-02-27T13:25:19.609125Z,/Volumes/Data/Bareket/experiments/reptilearn4/PV82/20260123/block3/videos/front_20260123T102239.mp4,/Volumes/Data/Bareket/experiments/reptilearn4/PV82/20260123/block3/videos/predictions/front_head_only_resnet_152__front_20260123T102239.parquet,15873,15873,left_ear_cam|mid_ears_cam|nose_cam|right_ear_cam,/Users/bareketdamari/Dev/PreyTouch/sandbox/videos/manual_labels/front_20260123T102239__0c66a3a4c5/images/train/front_20260123T102239_f0015873.png,/Users/bareketdamari/Dev/PreyTouch/sandbox/videos/manual_labels/front_20260123T102239__0c66a3a4c5/labels/train/front_20260123T102239_f0015873.txt
2026-02-27T13:25:19.641837Z,/Volumes/Data/Bareket/experiments/reptilearn4/PV82/20260123/block3/videos/front_20260123T102239.mp4,/Volumes/Data/Bareket/experiments/reptilearn4/PV82/20260123/block3/videos/predictions/front_head_only_resnet_152__front_20260123T102239.parquet,15874,15874,left_ear_cam|mid_ears_cam|nose_cam|right_ear_cam,/Users/bareketdamari/Dev/PreyTouch/sandbox/videos/manual_labels/front_20260123T102239__0c66a3a4c5/images/train/front_20260123T102239_f0015874.png,/Users/bareketdamari/Dev/PreyTouch/sandbox/videos/manual_labels/front_20260123T102239__0c66a3a4c5/labels/train/front_20260123T102239_f0015874.txt
2026-02-27T13:33:54.687631Z,/Volumes/Data/Bareket/experiments/reptilearn4/PV82/20260123/block3/videos/front_20260123T102239.mp4,/Volumes/Data/Bareket/experiments/reptilearn4/PV82/20260123/block3/videos/predictions/front_head_only_resnet_152__front_20260123T102239.parquet,15871,15871,left_ear_cam|mid_ears_cam|nose_cam|right_ear_cam,/Users/bareketdamari/Dev/PreyTouch/sandbox/videos/manual_labels/front_20260123T102239__0c66a3a4c5/images/train/front_20260123T102239_f0015871.png,/Users/bareketdamari/Dev/PreyTouch/sandbox/videos/manual_labels/front_20260123T102239__0c66a3a4c5/labels/train/front_20260123T102239_f0015871.txt
2026-02-27T13:33:54.802273Z,/Volumes/Data/Bareket/experiments/reptilearn4/PV82/20260123/block3/videos/front_20260123T102239.mp4,/Volumes/Data/Bareket/experiments/reptilearn4/PV82/20260123/block3/videos/predictions/front_head_only_resnet_152__front_20260123T102239.parquet,15872,15872,left_ear_cam|mid_ears_cam|nose_cam|right_ear_cam,/Users/bareketdamari/Dev/PreyTouch/sandbox/videos/manual_labels/front_20260123T102239__0c66a3a4c5/images/train/front_20260123T102239_f0015872.png,/Users/bareketdamari/Dev/PreyTouch/sandbox/videos/manual_labels/front_20260123T102239__0c66a3a4c5/labels/train/front_20260123T102239_f0015872.txt
2026-02-27T13:33:54.916616Z,/Volumes/Data/Bareket/experiments/reptilearn4/PV82/20260123/block3/videos/front_20260123T102239.mp4,/Volumes/Data/Bareket/experiments/reptilearn4/PV82/20260123/block3/videos/predictions/front_head_only_resnet_152__front_20260123T102239.parquet,15875,15875,left_ear_cam|mid_ears_cam|right_ear_cam,/Users/bareketdamari/Dev/PreyTouch/sandbox/videos/manual_labels/front_20260123T102239__0c66a3a4c5/images/train/front_20260123T102239_f0015875.png,/Users/bareketdamari/Dev/PreyTouch/sandbox/videos/manual_labels/front_20260123T102239__0c66a3a4c5/labels/train/front_20260123T102239_f0015875.txt
2026-02-27T13:33:55.046165Z,/Volumes/Data/Bareket/experiments/reptilearn4/PV82/20260123/block3/videos/front_20260123T102239.mp4,/Volumes/Data/Bareket/experiments/reptilearn4/PV82/20260123/block3/videos/predictions/front_head_only_resnet_152__front_20260123T102239.parquet,15944,15944,APPLY_PREV|NO_HEAD,/Users/bareketdamari/Dev/PreyTouch/sandbox/videos/manual_labels/front_20260123T102239__0c66a3a4c5/images/train/front_20260123T102239_f0015944.png,/Users/bareketdamari/Dev/PreyTouch/sandbox/videos/manual_labels/front_20260123T102239__0c66a3a4c5/labels/train/front_20260123T102239_f0015944.txt
2026-02-27T13:33:55.175206Z,/Volumes/Data/Bareket/experiments/reptilearn4/PV82/20260123/block3/videos/front_20260123T102239.mp4,/Volumes/Data/Bareket/experiments/reptilearn4/PV82/20260123/block3/videos/predictions/front_head_only_resnet_152__front_20260123T102239.parquet,15945,15945,APPLY_NEXT10,/Users/bareketdamari/Dev/PreyTouch/sandbox/videos/manual_labels/front_20260123T102239__0c66a3a4c5/images/train/front_20260123T102239_f0015945.png,/Users/bareketdamari/Dev/PreyTouch/sandbox/videos/manual_labels/front_20260123T102239__0c66a3a4c5/labels/train/front_20260123T102239_f0015945.txt
2026-02-27T13:33:55.305335Z,/Volumes/Data/Bareket/experiments/reptilearn4/PV82/20260123/block3/videos/front_20260123T102239.mp4,/Volumes/Data/Bareket/experiments/reptilearn4/PV82/20260123/block3/videos/predictions/front_head_only_resnet_152__front_20260123T102239.parquet,15946,15946,APPLY_NEXT10,/Users/bareketdamari/Dev/PreyTouch/sandbox/videos/manual_labels/front_20260123T102239__0c66a3a4c5/images/train/front_20260123T102239_f0015946.png,/Users/bareketdamari/Dev/PreyTouch/sandbox/videos/manual_labels/front_20260123T102239__0c66a3a4c5/labels/train/front_20260123T102239_f0015946.txt
2026-02-27T13:33:55.436089Z,/Volumes/Data/Bareket/experiments/reptilearn4/PV82/20260123/block3/videos/front_20260123T102239.mp4,/Volumes/Data/Bareket/experiments/reptilearn4/PV82/20260123/block3/videos/predictions/front_head_only_resnet_152__front_20260123T102239.parquet,15947,15947,APPLY_NEXT10,/Users/bareketdamari/Dev/PreyTouch/sandbox/videos/manual_labels/front_20260123T102239__0c66a3a4c5/images/train/front_20260123T102239_f0015947.png,/Users/bareketdamari/Dev/PreyTouch/sandbox/videos/manual_labels/front_20260123T102239__0c66a3a4c5/labels/train/front_20260123T102239_f0015947.txt
2026-02-27T13:33:55.565124Z,/Volumes/Data/Bareket/experiments/reptilearn4/PV82/20260123/block3/videos/front_20260123T102239.mp4,/Volumes/Data/Bareket/experiments/reptilearn4/PV82/20260123/block3/videos/predictions/front_head_only_resnet_152__front_20260123T102239.parquet,15948,15948,APPLY_NEXT10,/Users/bareketdamari/Dev/PreyTouch/sandbox/videos/manual_labels/front_20260123T102239__0c66a3a4c5/images/train/front_20260123T102239_f0015948.png,/Users/bareketdamari/Dev/PreyTouch/sandbox/videos/manual_labels/front_20260123T102239__0c66a3a4c5/labels/train/front_20260123T102239_f0015948.txt
2026-02-27T13:33:55.696188Z,/Volumes/Data/Bareket/experiments/reptilearn4/PV82/20260123/block3/videos/front_20260123T102239.mp4,/Volumes/Data/Bareket/experiments/reptilearn4/PV82/20260123/block3/videos/predictions/front_head_only_resnet_152__front_20260123T102239.parquet,15949,15949,APPLY_NEXT10,/Users/bareketdamari/Dev/PreyTouch/sandbox/videos/manual_labels/front_20260123T102239__0c66a3a4c5/images/train/front_20260123T102239_f0015949.png,/Users/bareketdamari/Dev/PreyTouch/sandbox/videos/manual_labels/front_20260123T102239__0c66a3a4c5/labels/train/front_20260123T102239_f0015949.txt
2026-02-27T13:33:55.828628Z,/Volumes/Data/Bareket/experiments/reptilearn4/PV82/20260123/block3/videos/front_20260123T102239.mp4,/Volumes/Data/Bareket/experiments/reptilearn4/PV82/20260123/block3/videos/predictions/front_head_only_resnet_152__front_20260123T102239.parquet,15950,15950,APPLY_NEXT10,/Users/bareketdamari/Dev/PreyTouch/sandbox/videos/manual_labels/front_20260123T102239__0c66a3a4c5/images/train/front_20260123T102239_f0015950.png,/Users/bareketdamari/Dev/PreyTouch/sandbox/videos/manual_labels/front_20260123T102239__0c66a3a4c5/labels/train/front_20260123T102239_f0015950.txt
2026-02-27T13:33:55.958093Z,/Volumes/Data/Bareket/experiments/reptilearn4/PV82/20260123/block3/videos/front_20260123T102239.mp4,/Volumes/Data/Bareket/experiments/reptilearn4/PV82/20260123/block3/videos/predictions/front_head_only_resnet_152__front_20260123T102239.parquet,15951,15951,APPLY_NEXT10,/Users/bareketdamari/Dev/PreyTouch/sandbox/videos/manual_labels/front_20260123T102239__0c66a3a4c5/images/train/front_20260123T102239_f0015951.png,/Users/bareketdamari/Dev/PreyTouch/sandbox/videos/manual_labels/front_20260123T102239__0c66a3a4c5/labels/train/front_20260123T102239_f0015951.txt
2026-02-27T13:33:56.090902Z,/Volumes/Data/Bareket/experiments/reptilearn4/PV82/20260123/block3/videos/front_20260123T102239.mp4,/Volumes/Data/Bareket/experiments/reptilearn4/PV82/20260123/block3/videos/predictions/front_head_only_resnet_152__front_20260123T102239.parquet,15952,15952,APPLY_NEXT10,/Users/bareketdamari/Dev/PreyTouch/sandbox/videos/manual_labels/front_20260123T102239__0c66a3a4c5/images/train/front_20260123T102239_f0015952.png,/Users/bareketdamari/Dev/PreyTouch/sandbox/videos/manual_labels/front_20260123T102239__0c66a3a4c5/labels/train/front_20260123T102239_f0015952.txt
2026-02-27T13:33:56.219420Z,/Volumes/Data/Bareket/experiments/reptilearn4/PV82/20260123/block3/videos/front_20260123T102239.mp4,/Volumes/Data/Bareket/experiments/reptilearn4/PV82/20260123/block3/videos/predictions/front_head_only_resnet_152__front_20260123T102239.parquet,15953,15953,APPLY_NEXT10,/Users/bareketdamari/Dev/PreyTouch/sandbox/videos/manual_labels/front_20260123T102239__0c66a3a4c5/images/train/front_20260123T102239_f0015953.png,/Users/bareketdamari/Dev/PreyTouch/sandbox/videos/manual_labels/front_20260123T102239__0c66a3a4c5/labels/train/front_20260123T102239_f0015953.txt
2026-02-27T13:33:56.348180Z,/Volumes/Data/Bareket/experiments/reptilearn4/PV82/20260123/block3/videos/front_20260123T102239.mp4,/Volumes/Data/Bareket/experiments/reptilearn4/PV82/20260123/block3/videos/predictions/front_head_only_resnet_152__front_20260123T102239.parquet,15954,15954,APPLY_NEXT10,/Users/bareketdamari/Dev/PreyTouch/sandbox/videos/manual_labels/front_20260123T102239__0c66a3a4c5/images/train/front_20260123T102239_f0015954.png,/Users/bareketdamari/Dev/PreyTouch/sandbox/videos/manual_labels/front_20260123T102239__0c66a3a4c5/labels/train/front_20260123T102239_f0015954.txt
2026-02-27T13:33:56.460130Z,/Volumes/Data/Bareket/experiments/reptilearn4/PV82/20260123/block3/videos/front_20260123T102239.mp4,/Volumes/Data/Bareket/experiments/reptilearn4/PV82/20260123/block3/videos/predictions/front_head_only_resnet_152__front_20260123T102239.parquet,16122,16122,NO_HEAD,/Users/bareketdamari/Dev/PreyTouch/sandbox/videos/manual_labels/front_20260123T102239__0c66a3a4c5/images/train/front_20260123T102239_f0016122.png,/Users/bareketdamari/Dev/PreyTouch/sandbox/videos/manual_labels/front_20260123T102239__0c66a3a4c5/labels/train/front_20260123T102239_f0016122.txt
2026-02-27T13:33:56.572406Z,/Volumes/Data/Bareket/experiments/reptilearn4/PV82/20260123/block3/videos/front_20260123T102239.mp4,/Volumes/Data/Bareket/experiments/reptilearn4/PV82/20260123/block3/videos/predictions/front_head_only_resnet_152__front_20260123T102239.parquet,16123,16123,APPLY_NEXT10,/Users/bareketdamari/Dev/PreyTouch/sandbox/videos/manual_labels/front_20260123T102239__0c66a3a4c5/images/train/front_20260123T102239_f0016123.png,/Users/bareketdamari/Dev/PreyTouch/sandbox/videos/manual_labels/front_20260123T102239__0c66a3a4c5/labels/train/front_20260123T102239_f0016123.txt
2026-02-27T13:33:56.684454Z,/Volumes/Data/Bareket/experiments/reptilearn4/PV82/20260123/block3/videos/front_20260123T102239.mp4,/Volumes/Data/Bareket/experiments/reptilearn4/PV82/20260123/block3/videos/predictions/front_head_only_resnet_152__front_20260123T102239.parquet,16124,16124,APPLY_NEXT10,/Users/bareketdamari/Dev/PreyTouch/sandbox/videos/manual_labels/front_20260123T102239__0c66a3a4c5/images/train/front_20260123T102239_f0016124.png,/Users/bareketdamari/Dev/PreyTouch/sandbox/videos/manual_labels/front_20260123T102239__0c66a3a4c5/labels/train/front_20260123T102239_f0016124.txt
2026-02-27T13:33:56.793724Z,/Volumes/Data/Bareket/experiments/reptilearn4/PV82/20260123/block3/videos/front_20260123T102239.mp4,/Volumes/Data/Bareket/experiments/reptilearn4/PV82/20260123/block3/videos/predictions/front_head_only_resnet_152__front_20260123T102239.parquet,16125,16125,APPLY_NEXT10,/Users/bareketdamari/Dev/PreyTouch/sandbox/videos/manual_labels/front_20260123T102239__0c66a3a4c5/images/train/front_20260123T102239_f0016125.png,/Users/bareketdamari/Dev/PreyTouch/sandbox/videos/manual_labels/front_20260123T102239__0c66a3a4c5/labels/train/front_20260123T102239_f0016125.txt
2026-02-27T13:33:56.908163Z,/Volumes/Data/Bareket/experiments/reptilearn4/PV82/20260123/block3/videos/front_20260123T102239.mp4,/Volumes/Data/Bareket/experiments/reptilearn4/PV82/20260123/block3/videos/predictions/front_head_only_resnet_152__front_20260123T102239.parquet,16126,16126,APPLY_NEXT10,/Users/bareketdamari/Dev/PreyTouch/sandbox/videos/manual_labels/front_20260123T102239__0c66a3a4c5/images/train/front_20260123T102239_f0016126.png,/Users/bareketdamari/Dev/PreyTouch/sandbox/videos/manual_labels/front_20260123T102239__0c66a3a4c5/labels/train/front_20260123T102239_f0016126.txt
2026-02-27T13:33:57.021243Z,/Volumes/Data/Bareket/experiments/reptilearn4/PV82/20260123/block3/videos/front_20260123T102239.mp4,/Volumes/Data/Bareket/experiments/reptilearn4/PV82/20260123/block3/videos/predictions/front_head_only_resnet_152__front_20260123T102239.parquet,16127,16127,APPLY_NEXT10,/Users/bareketdamari/Dev/PreyTouch/sandbox/videos/manual_labels/front_20260123T102239__0c66a3a4c5/images/train/front_20260123T102239_f0016127.png,/Users/bareketdamari/Dev/PreyTouch/sandbox/videos/manual_labels/front_20260123T102239__0c66a3a4c5/labels/train/front_20260123T102239_f0016127.txt
2026-02-27T13:33:57.132566Z,/Volumes/Data/Bareket/experiments/reptilearn4/PV82/20260123/block3/videos/front_20260123T102239.mp4,/Volumes/Data/Bareket/experiments/reptilearn4/PV82/20260123/block3/videos/predictions/front_head_only_resnet_152__front_20260123T102239.parquet,16128,16128,APPLY_NEXT10,/Users/bareketdamari/Dev/PreyTouch/sandbox/videos/manual_labels/front_20260123T102239__0c66a3a4c5/images/train/front_20260123T102239_f0016128.png,/Users/bareketdamari/Dev/PreyTouch/sandbox/videos/manual_labels/front_20260123T102239__0c66a3a4c5/labels/train/front_20260123T102239_f0016128.txt
2026-02-27T13:33:57.246691Z,/Volumes/Data/Bareket/experiments/reptilearn4/PV82/20260123/block3/videos/front_20260123T102239.mp4,/Volumes/Data/Bareket/experiments/reptilearn4/PV82/20260123/block3/videos/predictions/front_head_only_resnet_152__front_20260123T102239.parquet,16129,16129,APPLY_NEXT10,/Users/bareketdamari/Dev/PreyTouch/sandbox/videos/manual_labels/front_20260123T102239__0c66a3a4c5/images/train/front_20260123T102239_f0016129.png,/Users/bareketdamari/Dev/PreyTouch/sandbox/videos/manual_labels/front_20260123T102239__0c66a3a4c5/labels/train/front_20260123T102239_f0016129.txt
2026-02-27T13:33:57.360359Z,/Volumes/Data/Bareket/experiments/reptilearn4/PV82/20260123/block3/videos/front_20260123T102239.mp4,/Volumes/Data/Bareket/experiments/reptilearn4/PV82/20260123/block3/videos/predictions/front_head_only_resnet_152__front_20260123T102239.parquet,16130,16130,APPLY_NEXT10,/Users/bareketdamari/Dev/PreyTouch/sandbox/videos/manual_labels/front_20260123T102239__0c66a3a4c5/images/train/front_20260123T102239_f0016130.png,/Users/bareketdamari/Dev/PreyTouch/sandbox/videos/manual_labels/front_20260123T102239__0c66a3a4c5/labels/train/front_20260123T102239_f0016130.txt
2026-02-27T13:33:57.471826Z,/Volumes/Data/Bareket/experiments/reptilearn4/PV82/20260123/block3/videos/front_20260123T102239.mp4,/Volumes/Data/Bareket/experiments/reptilearn4/PV82/20260123/block3/videos/predictions/front_head_only_resnet_152__front_20260123T102239.parquet,16131,16131,APPLY_NEXT10,/Users/bareketdamari/Dev/PreyTouch/sandbox/videos/manual_labels/front_20260123T102239__0c66a3a4c5/images/train/front_20260123T102239_f0016131.png,/Users/bareketdamari/Dev/PreyTouch/sandbox/videos/manual_labels/front_20260123T102239__0c66a3a4c5/labels/train/front_20260123T102239_f0016131.txt
2026-02-27T13:33:57.583947Z,/Volumes/Data/Bareket/experiments/reptilearn4/PV82/20260123/block3/videos/front_20260123T102239.mp4,/Volumes/Data/Bareket/experiments/reptilearn4/PV82/20260123/block3/videos/predictions/front_head_only_resnet_152__front_20260123T102239.parquet,16132,16132,APPLY_NEXT10,/Users/bareketdamari/Dev/PreyTouch/sandbox/videos/manual_labels/front_20260123T102239__0c66a3a4c5/images/train/front_20260123T102239_f0016132.png,/Users/bareketdamari/Dev/PreyTouch/sandbox/videos/manual_labels/front_20260123T102239__0c66a3a4c5/labels/train/front_20260123T102239_f0016132.txt
2026-02-27T13:33:57.726269Z,/Volumes/Data/Bareket/experiments/reptilearn4/PV82/20260123/block3/videos/front_20260123T102239.mp4,/Volumes/Data/Bareket/experiments/reptilearn4/PV82/20260123/block3/videos/predictions/front_head_only_resnet_152__front_20260123T102239.parquet,16264,16264,NO_HEAD,/Users/bareketdamari/Dev/PreyTouch/sandbox/videos/manual_labels/front_20260123T102239__0c66a3a4c5/images/train/front_20260123T102239_f0016264.png,/Users/bareketdamari/Dev/PreyTouch/sandbox/videos/manual_labels/front_20260123T102239__0c66a3a4c5/labels/train/front_20260123T102239_f0016264.txt
2026-02-27T13:33:57.842982Z,/Volumes/Data/Bareket/experiments/reptilearn4/PV82/20260123/block3/videos/front_20260123T102239.mp4,/Volumes/Data/Bareket/experiments/reptilearn4/PV82/20260123/block3/videos/predictions/front_head_only_resnet_152__front_20260123T102239.parquet,16406,16406,NO_HEAD,/Users/bareketdamari/Dev/PreyTouch/sandbox/videos/manual_labels/front_20260123T102239__0c66a3a4c5/images/train/front_20260123T102239_f0016406.png,/Users/bareketdamari/Dev/PreyTouch/sandbox/videos/manual_labels/front_20260123T102239__0c66a3a4c5/labels/train/front_20260123T102239_f0016406.txt
2026-02-27T13:33:57.956772Z,/Volumes/Data/Bareket/experiments/reptilearn4/PV82/20260123/block3/videos/front_20260123T102239.mp4,/Volumes/Data/Bareket/experiments/reptilearn4/PV82/20260123/block3/videos/predictions/front_head_only_resnet_152__front_20260123T102239.parquet,16407,16407,APPLY_NEXT10,/Users/bareketdamari/Dev/PreyTouch/sandbox/videos/manual_labels/front_20260123T102239__0c66a3a4c5/images/train/front_20260123T102239_f0016407.png,/Users/bareketdamari/Dev/PreyTouch/sandbox/videos/manual_labels/front_20260123T102239__0c66a3a4c5/labels/train/front_20260123T102239_f0016407.txt
2026-02-27T13:33:58.073124Z,/Volumes/Data/Bareket/experiments/reptilearn4/PV82/20260123/block3/videos/front_20260123T102239.mp4,/Volumes/Data/Bareket/experiments/reptilearn4/PV82/20260123/block3/videos/predictions/front_head_only_resnet_152__front_20260123T102239.parquet,16408,16408,APPLY_NEXT10,/Users/bareketdamari/Dev/PreyTouch/sandbox/videos/manual_labels/front_20260123T102239__0c66a3a4c5/images/train/front_20260123T102239_f0016408.png,/Users/bareketdamari/Dev/PreyTouch/sandbox/videos/manual_labels/front_20260123T102239__0c66a3a4c5/labels/train/front_20260123T102239_f0016408.txt
2026-02-27T13:33:58.190224Z,/Volumes/Data/Bareket/experiments/reptilearn4/PV82/20260123/block3/videos/front_20260123T102239.mp4,/Volumes/Data/Bareket/experiments/reptilearn4/PV82/20260123/block3/videos/predictions/front_head_only_resnet_152__front_20260123T102239.parquet,16409,16409,APPLY_NEXT10,/Users/bareketdamari/Dev/PreyTouch/sandbox/videos/manual_labels/front_20260123T102239__0c66a3a4c5/images/train/front_20260123T102239_f0016409.png,/Users/bareketdamari/Dev/PreyTouch/sandbox/videos/manual_labels/front_20260123T102239__0c66a3a4c5/labels/train/front_20260123T102239_f0016409.txt
2026-02-27T13:33:58.308083Z,/Volumes/Data/Bareket/experiments/reptilearn4/PV82/20260123/block3/videos/front_20260123T102239.mp4,/Volumes/Data/Bareket/experiments/reptilearn4/PV82/20260123/block3/videos/predictions/front_head_only_resnet_152__front_20260123T102239.parquet,16410,16410,APPLY_NEXT10,/Users/bareketdamari/Dev/PreyTouch/sandbox/videos/manual_labels/front_20260123T102239__0c66a3a4c5/images/train/front_20260123T102239_f0016410.png,/Users/bareketdamari/Dev/PreyTouch/sandbox/videos/manual_labels/front_20260123T102239__0c66a3a4c5/labels/train/front_20260123T102239_f0016410.txt
2026-02-27T13:33:58.423894Z,/Volumes/Data/Bareket/experiments/reptilearn4/PV82/20260123/block3/videos/front_20260123T102239.mp4,/Volumes/Data/Bareket/experiments/reptilearn4/PV82/20260123/block3/videos/predictions/front_head_only_resnet_152__front_20260123T102239.parquet,16411,16411,APPLY_NEXT10,/Users/bareketdamari/Dev/PreyTouch/sandbox/videos/manual_labels/front_20260123T102239__0c66a3a4c5/images/train/front_20260123T102239_f0016411.png,/Users/bareketdamari/Dev/PreyTouch/sandbox/videos/manual_labels/front_20260123T102239__0c66a3a4c5/labels/train/front_20260123T102239_f0016411.txt
2026-02-27T13:33:58.542068Z,/Volumes/Data/Bareket/experiments/reptilearn4/PV82/20260123/block3/videos/front_20260123T102239.mp4,/Volumes/Data/Bareket/experiments/reptilearn4/PV82/20260123/block3/videos/predictions/front_head_only_resnet_152__front_20260123T102239.parquet,16412,16412,APPLY_NEXT10,/Users/bareketdamari/Dev/PreyTouch/sandbox/videos/manual_labels/front_20260123T102239__0c66a3a4c5/images/train/front_20260123T102239_f0016412.png,/Users/bareketdamari/Dev/PreyTouch/sandbox/videos/manual_labels/front_20260123T102239__0c66a3a4c5/labels/train/front_20260123T102239_f0016412.txt
2026-02-27T13:33:58.661927Z,/Volumes/Data/Bareket/experiments/reptilearn4/PV82/20260123/block3/videos/front_20260123T102239.mp4,/Volumes/Data/Bareket/experiments/reptilearn4/PV82/20260123/block3/videos/predictions/front_head_only_resnet_152__front_20260123T102239.parquet,16413,16413,APPLY_NEXT10,/Users/bareketdamari/Dev/PreyTouch/sandbox/videos/manual_labels/front_20260123T102239__0c66a3a4c5/images/train/front_20260123T102239_f0016413.png,/Users/bareketdamari/Dev/PreyTouch/sandbox/videos/manual_labels/front_20260123T102239__0c66a3a4c5/labels/train/front_20260123T102239_f0016413.txt
2026-02-27T13:33:58.780459Z,/Volumes/Data/Bareket/experiments/reptilearn4/PV82/20260123/block3/videos/front_20260123T102239.mp4,/Volumes/Data/Bareket/experiments/reptilearn4/PV82/20260123/block3/videos/predictions/front_head_only_resnet_152__front_20260123T102239.parquet,16414,16414,APPLY_NEXT10,/Users/bareketdamari/Dev/PreyTouch/sandbox/videos/manual_labels/front_20260123T102239__0c66a3a4c5/images/train/front_20260123T102239_f0016414.png,/Users/bareketdamari/Dev/PreyTouch/sandbox/videos/manual_labels/front_20260123T102239__0c66a3a4c5/labels/train/front_20260123T102239_f0016414.txt
2026-02-27T13:33:58.901660Z,/Volumes/Data/Bareket/experiments/reptilearn4/PV82/20260123/block3/videos/front_20260123T102239.mp4,/Volumes/Data/Bareket/experiments/reptilearn4/PV82/20260123/block3/videos/predictions/front_head_only_resnet_152__front_20260123T102239.parquet,16415,16415,APPLY_NEXT10,/Users/bareketdamari/Dev/PreyTouch/sandbox/videos/manual_labels/front_20260123T102239__0c66a3a4c5/images/train/front_20260123T102239_f0016415.png,/Users/bareketdamari/Dev/PreyTouch/sandbox/videos/manual_labels/front_20260123T102239__0c66a3a4c5/labels/train/front_20260123T102239_f0016415.txt
2026-02-27T13:33:59.017982Z,/Volumes/Data/Bareket/experiments/reptilearn4/PV82/20260123/block3/videos/front_20260123T102239.mp4,/Volumes/Data/Bareket/experiments/reptilearn4/PV82/20260123/block3/videos/predictions/front_head_only_resnet_152__front_20260123T102239.parquet,16416,16416,APPLY_NEXT10,/Users/bareketdamari/Dev/PreyTouch/sandbox/videos/manual_labels/front_20260123T102239__0c66a3a4c5/images/train/front_20260123T102239_f0016416.png,/Users/bareketdamari/Dev/PreyTouch/sandbox/videos/manual_labels/front_20260123T102239__0c66a3a4c5/labels/train/front_20260123T102239_f0016416.txt
2026-02-22T11:34:03.675183Z,/Volumes/Data/Bareket/experiments/reptilearn4/PV82/20260215/block7/videos/front_20260215T165258.mp4,/Volumes/Data/Bareket/experiments/reptilearn4/PV82/20260215/block7/videos/predictions/front_head_only_resnet_152__front_20260215T165258.parquet,0,0,nose_cam,/Volumes/Data/Bareket/experiments/reptilearn4/PV82/20260215/block7/videos/manual_labels/front_20260215T165258/images/train/front_20260215T165258_f0000000.png,/Volumes/Data/Bareket/experiments/reptilearn4/PV82/20260215/block7/videos/manual_labels/front_20260215T165258/labels/train/front_20260215T165258_f0000000.txt
2026-02-22T11:34:23.733787Z,/Volumes/Data/Bareket/experiments/reptilearn4/PV82/20260215/block7/videos/front_20260215T165258.mp4,/Volumes/Data/Bareket/experiments/reptilearn4/PV82/20260215/block7/videos/predictions/front_head_only_resnet_152__front_20260215T165258.parquet,0,0,left_ear_cam,/Volumes/Data/Bareket/experiments/reptilearn4/PV82/20260215/block7/videos/manual_labels/front_20260215T165258/images/train/front_20260215T165258_f0000000.png,/Volumes/Data/Bareket/experiments/reptilearn4/PV82/20260215/block7/videos/manual_labels/front_20260215T165258/labels/train/front_20260215T165258_f0000000.txt
2026-02-22T11:35:09.138898Z,/Volumes/Data/Bareket/experiments/reptilearn4/PV82/20260215/block7/videos/front_20260215T165258.mp4,/Volumes/Data/Bareket/experiments/reptilearn4/PV82/20260215/block7/videos/predictions/front_head_only_resnet_152__front_20260215T165258.parquet,0,0,left_ear_cam,/Volumes/Data/Bareket/experiments/reptilearn4/PV82/20260215/block7/videos/manual_labels/front_20260215T165258/images/train/front_20260215T165258_f0000000.png,/Volumes/Data/Bareket/experiments/reptilearn4/PV82/20260215/block7/videos/manual_labels/front_20260215T165258/labels/train/front_20260215T165258_f0000000.txt
2026-02-22T11:37:39.895689Z,/Volumes/Data/Bareket/experiments/reptilearn4/PV82/20260215/block7/videos/front_20260215T165258.mp4,/Volumes/Data/Bareket/experiments/reptilearn4/PV82/20260215/block7/videos/predictions/front_head_only_resnet_152__front_20260215T165258.parquet,0,0,nose_cam,/Volumes/Data/Bareket/experiments/reptilearn4/PV82/20260215/block7/videos/manual_labels/front_20260215T165258/images/train/front_20260215T165258_f0000000.png,/Volumes/Data/Bareket/experiments/reptilearn4/PV82/20260215/block7/videos/manual_labels/front_20260215T165258/labels/train/front_20260215T165258_f0000000.txt
2026-02-22T12:36:45.644035Z,/Volumes/Data/Bareket/experiments/reptilearn4/PV82/20260221/block4/videos/front_20260221T110059.mp4,/Volumes/Data/Bareket/experiments/reptilearn4/PV82/20260221/block4/videos/predictions/front_head_only_resnet_152__front_20260221T110059.parquet,360,360,mid_ears_cam,/Volumes/Data/Bareket/experiments/reptilearn4/PV82/20260221/block4/videos/manual_labels/front_20260221T110059/images/train/front_20260221T110059_f0000360.png,/Volumes/Data/Bareket/experiments/reptilearn4/PV82/20260221/block4/videos/manual_labels/front_20260221T110059/labels/train/front_20260221T110059_f0000360.txt
2026-02-22T12:37:18.178961Z,/Volumes/Data/Bareket/experiments/reptilearn4/PV82/20260221/block4/videos/front_20260221T110059.mp4,/Volumes/Data/Bareket/experiments/reptilearn4/PV82/20260221/block4/videos/predictions/front_head_only_resnet_152__front_20260221T110059.parquet,360,360,mid_ears_cam,/Volumes/Data/Bareket/experiments/reptilearn4/PV82/20260221/block4/videos/manual_labels/front_20260221T110059/images/train/front_20260221T110059_f0000360.png,/Volumes/Data/Bareket/experiments/reptilearn4/PV82/20260221/block4/videos/manual_labels/front_20260221T110059/labels/train/front_20260221T110059_f0000360.txt
2026-02-22T12:37:24.034878Z,/Volumes/Data/Bareket/experiments/reptilearn4/PV82/20260221/block4/videos/front_20260221T110059.mp4,/Volumes/Data/Bareket/experiments/reptilearn4/PV82/20260221/block4/videos/predictions/front_head_only_resnet_152__front_20260221T110059.parquet,360,360,left_ear_cam,/Volumes/Data/Bareket/experiments/reptilearn4/PV82/20260221/block4/videos/manual_labels/front_20260221T110059/images/train/front_20260221T110059_f0000360.png,/Volumes/Data/Bareket/experiments/reptilearn4/PV82/20260221/block4/videos/manual_labels/front_20260221T110059/labels/train/front_20260221T110059_f0000360.txt
2026-02-22T12:37:39.958031Z,/Volumes/Data/Bareket/experiments/reptilearn4/PV82/20260221/block4/videos/front_20260221T110059.mp4,/Volumes/Data/Bareket/experiments/reptilearn4/PV82/20260221/block4/videos/predictions/front_head_only_resnet_152__front_20260221T110059.parquet,360,360,left_ear_cam,/Volumes/Data/Bareket/experiments/reptilearn4/PV82/20260221/block4/videos/manual_labels/front_20260221T110059/images/train/front_20260221T110059_f0000360.png,/Volumes/Data/Bareket/experiments/reptilearn4/PV82/20260221/block4/videos/manual_labels/front_20260221T110059/labels/train/front_20260221T110059_f0000360.txt
2026-02-22T12:37:52.537046Z,/Volumes/Data/Bareket/experiments/reptilearn4/PV82/20260221/block4/videos/front_20260221T110059.mp4,/Volumes/Data/Bareket/experiments/reptilearn4/PV82/20260221/block4/videos/predictions/front_head_only_resnet_152__front_20260221T110059.parquet,360,360,nose_cam,/Volumes/Data/Bareket/experiments/reptilearn4/PV82/20260221/block4/videos/manual_labels/front_20260221T110059/images/train/front_20260221T110059_f0000360.png,/Volumes/Data/Bareket/experiments/reptilearn4/PV82/20260221/block4/videos/manual_labels/front_20260221T110059/labels/train/front_20260221T110059_f0000360.txt
2026-02-22T12:37:56.758902Z,/Volumes/Data/Bareket/experiments/reptilearn4/PV82/20260221/block4/videos/front_20260221T110059.mp4,/Volumes/Data/Bareket/experiments/reptilearn4/PV82/20260221/block4/videos/predictions/front_head_only_resnet_152__front_20260221T110059.parquet,360,360,nose_cam,/Volumes/Data/Bareket/experiments/reptilearn4/PV82/20260221/block4/videos/manual_labels/front_20260221T110059/images/train/front_20260221T110059_f0000360.png,/Volumes/Data/Bareket/experiments/reptilearn4/PV82/20260221/block4/videos/manual_labels/front_20260221T110059/labels/train/front_20260221T110059_f0000360.txt
2026-02-22T12:38:46.228090Z,/Volumes/Data/Bareket/experiments/reptilearn4/PV82/20260221/block4/videos/front_20260221T110059.mp4,/Volumes/Data/Bareket/experiments/reptilearn4/PV82/20260221/block4/videos/predictions/front_head_only_resnet_152__front_20260221T110059.parquet,426,426,left_ear_cam,/Volumes/Data/Bareket/experiments/reptilearn4/PV82/20260221/block4/videos/manual_labels/front_20260221T110059/images/train/front_20260221T110059_f0000426.png,/Volumes/Data/Bareket/experiments/reptilearn4/PV82/20260221/block4/videos/manual_labels/front_20260221T110059/labels/train/front_20260221T110059_f0000426.txt
2026-02-22T12:39:06.278146Z,/Volumes/Data/Bareket/experiments/reptilearn4/PV82/20260221/block4/videos/front_20260221T110059.mp4,/Volumes/Data/Bareket/experiments/reptilearn4/PV82/20260221/block4/videos/predictions/front_head_only_resnet_152__front_20260221T110059.parquet,426,426,left_ear_cam,/Volumes/Data/Bareket/experiments/reptilearn4/PV82/20260221/block4/videos/manual_labels/front_20260221T110059/images/train/front_20260221T110059_f0000426.png,/Volumes/Data/Bareket/experiments/reptilearn4/PV82/20260221/block4/videos/manual_labels/front_20260221T110059/labels/train/front_20260221T110059_f0000426.txt
2026-02-22T12:39:24.353064Z,/Volumes/Data/Bareket/experiments/reptilearn4/PV82/20260221/block4/videos/front_20260221T110059.mp4,/Volumes/Data/Bareket/experiments/reptilearn4/PV82/20260221/block4/videos/predictions/front_head_only_resnet_152__front_20260221T110059.parquet,426,426,mid_ears_cam,/Volumes/Data/Bareket/experiments/reptilearn4/PV82/20260221/block4/videos/manual_labels/front_20260221T110059/images/train/front_20260221T110059_f0000426.png,/Volumes/Data/Bareket/experiments/reptilearn4/PV82/20260221/block4/videos/manual_labels/front_20260221T110059/labels/train/front_20260221T110059_f0000426.txt
2026-02-22T12:39:52.966272Z,/Volumes/Data/Bareket/experiments/reptilearn4/PV82/20260221/block4/videos/front_20260221T110059.mp4,/Volumes/Data/Bareket/experiments/reptilearn4/PV82/20260221/block4/videos/predictions/front_head_only_resnet_152__front_20260221T110059.parquet,470,470,left_ear_cam,/Volumes/Data/Bareket/experiments/reptilearn4/PV82/20260221/block4/videos/manual_labels/front_20260221T110059/images/train/front_20260221T110059_f0000470.png,/Volumes/Data/Bareket/experiments/reptilearn4/PV82/20260221/block4/videos/manual_labels/front_20260221T110059/labels/train/front_20260221T110059_f0000470.txt
2026-02-22T12:40:13.214694Z,/Volumes/Data/Bareket/experiments/reptilearn4/PV82/20260221/block4/videos/front_20260221T110059.mp4,/Volumes/Data/Bareket/experiments/reptilearn4/PV82/20260221/block4/videos/predictions/front_head_only_resnet_152__front_20260221T110059.parquet,470,470,left_ear_cam,/Volumes/Data/Bareket/experiments/reptilearn4/PV82/20260221/block4/videos/manual_labels/front_20260221T110059/images/train/front_20260221T110059_f0000470.png,/Volumes/Data/Bareket/experiments/reptilearn4/PV82/20260221/block4/videos/manual_labels/front_20260221T110059/labels/train/front_20260221T110059_f0000470.txt
2026-02-22T12:40:26.907673Z,/Volumes/Data/Bareket/experiments/reptilearn4/PV82/20260221/block4/videos/front_20260221T110059.mp4,/Volumes/Data/Bareket/experiments/reptilearn4/PV82/20260221/block4/videos/predictions/front_head_only_resnet_152__front_20260221T110059.parquet,470,470,mid_ears_cam,/Volumes/Data/Bareket/experiments/reptilearn4/PV82/20260221/block4/videos/manual_labels/front_20260221T110059/images/train/front_20260221T110059_f0000470.png,/Volumes/Data/Bareket/experiments/reptilearn4/PV82/20260221/block4/videos/manual_labels/front_20260221T110059/labels/train/front_20260221T110059_f0000470.txt
2026-02-22T12:40:31.683412Z,/Volumes/Data/Bareket/experiments/reptilearn4/PV82/20260221/block4/videos/front_20260221T110059.mp4,/Volumes/Data/Bareket/experiments/reptilearn4/PV82/20260221/block4/videos/predictions/front_head_only_resnet_152__front_20260221T110059.parquet,470,470,mid_ears_cam,/Volumes/Data/Bareket/experiments/reptilearn4/PV82/20260221/block4/videos/manual_labels/front_20260221T110059/images/train/front_20260221T110059_f0000470.png,/Volumes/Data/Bareket/experiments/reptilearn4/PV82/20260221/block4/videos/manual_labels/front_20260221T110059/labels/train/front_20260221T110059_f0000470.txt
2026-02-22T12:55:41.587921Z,/Volumes/Data/Bareket/experiments/reptilearn4/PV82/20260221/block4/videos/front_20260221T110059.mp4,/Volumes/Data/Bareket/experiments/reptilearn4/PV82/20260221/block4/videos/predictions/front_head_only_resnet_152__front_20260221T110059.parquet,470,470,mid_ears_cam,/Volumes/Data/Bareket/experiments/reptilearn4/PV82/20260221/block4/videos/manual_labels/front_20260221T110059/images/train/front_20260221T110059_f0000470.png,/Volumes/Data/Bareket/experiments/reptilearn4/PV82/20260221/block4/videos/manual_labels/front_20260221T110059/labels/train/front_20260221T110059_f0000470.txt
2026-02-22T12:56:03.788743Z,/Volumes/Data/Bareket/experiments/reptilearn4/PV82/20260221/block4/videos/front_20260221T110059.mp4,/Volumes/Data/Bareket/experiments/reptilearn4/PV82/20260221/block4/videos/predictions/front_head_only_resnet_152__front_20260221T110059.parquet,471,471,left_ear_cam,/Volumes/Data/Bareket/experiments/reptilearn4/PV82/20260221/block4/videos/manual_labels/front_20260221T110059/images/train/front_20260221T110059_f0000471.png,/Volumes/Data/Bareket/experiments/reptilearn4/PV82/20260221/block4/videos/manual_labels/front_20260221T110059/labels/train/front_20260221T110059_f0000471.txt
2026-02-22T12:56:21.200628Z,/Volumes/Data/Bareket/experiments/reptilearn4/PV82/20260221/block4/videos/front_20260221T110059.mp4,/Volumes/Data/Bareket/experiments/reptilearn4/PV82/20260221/block4/videos/predictions/front_head_only_resnet_152__front_20260221T110059.parquet,471,471,left_ear_cam,/Volumes/Data/Bareket/experiments/reptilearn4/PV82/20260221/block4/videos/manual_labels/front_20260221T110059/images/train/front_20260221T110059_f0000471.png,/Volumes/Data/Bareket/experiments/reptilearn4/PV82/20260221/block4/videos/manual_labels/front_20260221T110059/labels/train/front_20260221T110059_f0000471.txt
2026-02-22T12:58:32.222336Z,/Volumes/Data/Bareket/experiments/reptilearn4/PV82/20260221/block4/videos/front_20260221T110059.mp4,/Volumes/Data/Bareket/experiments/reptilearn4/PV82/20260221/block4/videos/predictions/front_head_only_resnet_152__front_20260221T110059.parquet,367,367,mid_ears_cam|nose_cam|right_ear_cam,/Volumes/Data/Bareket/experiments/reptilearn4/PV82/20260221/block4/videos/manual_labels/front_20260221T110059/images/train/front_20260221T110059_f0000367.png,/Volumes/Data/Bareket/experiments/reptilearn4/PV82/20260221/block4/videos/manual_labels/front_20260221T110059/labels/train/front_20260221T110059_f0000367.txt
2026-02-22T13:00:19.313928Z,/Volumes/Data/Bareket/experiments/reptilearn4/PV82/20260221/block4/videos/front_20260221T110059.mp4,/Volumes/Data/Bareket/experiments/reptilearn4/PV82/20260221/block4/videos/predictions/front_head_only_resnet_152__front_20260221T110059.parquet,578,578,nose_cam|right_ear_cam,/Volumes/Data/Bareket/experiments/reptilearn4/PV82/20260221/block4/videos/manual_labels/front_20260221T110059/images/train/front_20260221T110059_f0000578.png,/Volumes/Data/Bareket/experiments/reptilearn4/PV82/20260221/block4/videos/manual_labels/front_20260221T110059/labels/train/front_20260221T110059_f0000578.txt
2026-02-22T13:17:11.960164Z,/Volumes/Data/Bareket/experiments/reptilearn4/PV82/20260221/block4/videos/front_20260221T110059.mp4,/Volumes/Data/Bareket/experiments/reptilearn4/PV82/20260221/block4/videos/predictions/front_head_only_resnet_152__front_20260221T110059.parquet,2189,2189,NO_HEAD,/Volumes/Data/Bareket/experiments/reptilearn4/PV82/20260221/block4/videos/manual_labels/front_20260221T110059/images/train/front_20260221T110059_f0002189.png,/Volumes/Data/Bareket/experiments/reptilearn4/PV82/20260221/block4/videos/manual_labels/front_20260221T110059/labels/train/front_20260221T110059_f0002189.txt
2026-02-22T14:36:16.069853Z,/Volumes/Data/Bareket/experiments/reptilearn4/PV82/20260221/block4/videos/front_20260221T110059.mp4,/Volumes/Data/Bareket/experiments/reptilearn4/PV82/20260221/block4/videos/predictions/front_head_only_resnet_152__front_20260221T110059.parquet,1904,1904,left_ear_cam|mid_ears_cam|nose_cam|right_ear_cam,/Volumes/Data/Bareket/experiments/reptilearn4/PV82/20260221/block4/videos/manual_labels/front_20260221T110059/images/train/front_20260221T110059_f0001904.png,/Volumes/Data/Bareket/experiments/reptilearn4/PV82/20260221/block4/videos/manual_labels/front_20260221T110059/labels/train/front_20260221T110059_f0001904.txt
2026-02-22T14:36:20.892740Z,/Volumes/Data/Bareket/experiments/reptilearn4/PV82/20260221/block4/videos/front_20260221T110059.mp4,/Volumes/Data/Bareket/experiments/reptilearn4/PV82/20260221/block4/videos/predictions/front_head_only_resnet_152__front_20260221T110059.parquet,1905,1905,APPLY_PREV|left_ear_cam|mid_ears_cam|nose_cam|right_ear_cam,/Volumes/Data/Bareket/experiments/reptilearn4/PV82/20260221/block4/videos/manual_labels/front_20260221T110059/images/train/front_20260221T110059_f0001905.png,/Volumes/Data/Bareket/experiments/reptilearn4/PV82/20260221/block4/videos/manual_labels/front_20260221T110059/labels/train/front_20260221T110059_f0001905.txt
2026-02-22T14:36:26.021254Z,/Volumes/Data/Bareket/experiments/reptilearn4/PV82/20260221/block4/videos/front_20260221T110059.mp4,/Volumes/Data/Bareket/experiments/reptilearn4/PV82/20260221/block4/videos/predictions/front_head_only_resnet_152__front_20260221T110059.parquet,1906,1906,APPLY_PREV,/Volumes/Data/Bareket/experiments/reptilearn4/PV82/20260221/block4/videos/manual_labels/front_20260221T110059/images/train/front_20260221T110059_f0001906.png,/Volumes/Data/Bareket/experiments/reptilearn4/PV82/20260221/block4/videos/manual_labels/front_20260221T110059/labels/train/front_20260221T110059_f0001906.txt
2026-02-22T14:36:32.377518Z,/Volumes/Data/Bareket/experiments/reptilearn4/PV82/20260221/block4/videos/front_20260221T110059.mp4,/Volumes/Data/Bareket/experiments/reptilearn4/PV82/20260221/block4/videos/predictions/front_head_only_resnet_152__front_20260221T110059.parquet,1907,1907,APPLY_PREV|left_ear_cam|mid_ears_cam|nose_cam|right_ear_cam,/Volumes/Data/Bareket/experiments/reptilearn4/PV82/20260221/block4/videos/manual_labels/front_20260221T110059/images/train/front_20260221T110059_f0001907.png,/Volumes/Data/Bareket/experiments/reptilearn4/PV82/20260221/block4/videos/manual_labels/front_20260221T110059/labels/train/front_20260221T110059_f0001907.txt
2026-02-22T14:36:37.502873Z,/Volumes/Data/Bareket/experiments/reptilearn4/PV82/20260221/block4/videos/front_20260221T110059.mp4,/Volumes/Data/Bareket/experiments/reptilearn4/PV82/20260221/block4/videos/predictions/front_head_only_resnet_152__front_20260221T110059.parquet,1908,1908,mid_ears_cam|nose_cam|right_ear_cam,/Volumes/Data/Bareket/experiments/reptilearn4/PV82/20260221/block4/videos/manual_labels/front_20260221T110059/images/train/front_20260221T110059_f0001908.png,/Volumes/Data/Bareket/experiments/reptilearn4/PV82/20260221/block4/videos/manual_labels/front_20260221T110059/labels/train/front_20260221T110059_f0001908.txt
2026-02-22T14:36:44.018696Z,/Volumes/Data/Bareket/experiments/reptilearn4/PV82/20260221/block4/videos/front_20260221T110059.mp4,/Volumes/Data/Bareket/experiments/reptilearn4/PV82/20260221/block4/videos/predictions/front_head_only_resnet_152__front_20260221T110059.parquet,1909,1909,APPLY_PREV,/Volumes/Data/Bareket/experiments/reptilearn4/PV82/20260221/block4/videos/manual_labels/front_20260221T110059/images/train/front_20260221T110059_f0001909.png,/Volumes/Data/Bareket/experiments/reptilearn4/PV82/20260221/block4/videos/manual_labels/front_20260221T110059/labels/train/front_20260221T110059_f0001909.txt
2026-02-22T14:36:49.204690Z,/Volumes/Data/Bareket/experiments/reptilearn4/PV82/20260221/block4/videos/front_20260221T110059.mp4,/Volumes/Data/Bareket/experiments/reptilearn4/PV82/20260221/block4/videos/predictions/front_head_only_resnet_152__front_20260221T110059.parquet,1910,1910,APPLY_PREV|left_ear_cam|mid_ears_cam|nose_cam|right_ear_cam,/Volumes/Data/Bareket/experiments/reptilearn4/PV82/20260221/block4/videos/manual_labels/front_20260221T110059/images/train/front_20260221T110059_f0001910.png,/Volumes/Data/Bareket/experiments/reptilearn4/PV82/20260221/block4/videos/manual_labels/front_20260221T110059/labels/train/front_20260221T110059_f0001910.txt
2026-02-22T14:36:54.853042Z,/Volumes/Data/Bareket/experiments/reptilearn4/PV82/20260221/block4/videos/front_20260221T110059.mp4,/Volumes/Data/Bareket/experiments/reptilearn4/PV82/20260221/block4/videos/predictions/front_head_only_resnet_152__front_20260221T110059.parquet,1911,1911,APPLY_PREV,/Volumes/Data/Bareket/experiments/reptilearn4/PV82/20260221/block4/videos/manual_labels/front_20260221T110059/images/train/front_20260221T110059_f0001911.png,/Volumes/Data/Bareket/experiments/reptilearn4/PV82/20260221/block4/videos/manual_labels/front_20260221T110059/labels/train/front_20260221T110059_f0001911.txt
2026-02-22T14:37:00.504819Z,/Volumes/Data/Bareket/experiments/reptilearn4/PV82/20260221/block4/videos/front_20260221T110059.mp4,/Volumes/Data/Bareket/experiments/reptilearn4/PV82/20260221/block4/videos/predictions/front_head_only_resnet_152__front_20260221T110059.parquet,1912,1912,APPLY_PREV,/Volumes/Data/Bareket/experiments/reptilearn4/PV82/20260221/block4/videos/manual_labels/front_20260221T110059/images/train/front_20260221T110059_f0001912.png,/Volumes/Data/Bareket/experiments/reptilearn4/PV82/20260221/block4/videos/manual_labels/front_20260221T110059/labels/train/front_20260221T110059_f0001912.txt
2026-02-22T14:37:05.446436Z,/Volumes/Data/Bareket/experiments/reptilearn4/PV82/20260221/block4/videos/front_20260221T110059.mp4,/Volumes/Data/Bareket/experiments/reptilearn4/PV82/20260221/block4/videos/predictions/front_head_only_resnet_152__front_20260221T110059.parquet,1913,1913,APPLY_PREV|left_ear_cam|mid_ears_cam|nose_cam|right_ear_cam,/Volumes/Data/Bareket/experiments/reptilearn4/PV82/20260221/block4/videos/manual_labels/front_20260221T110059/images/train/front_20260221T110059_f0001913.png,/Volumes/Data/Bareket/experiments/reptilearn4/PV82/20260221/block4/videos/manual_labels/front_20260221T110059/labels/train/front_20260221T110059_f0001913.txt
2026-02-22T14:37:11.330667Z,/Volumes/Data/Bareket/experiments/reptilearn4/PV82/20260221/block4/videos/front_20260221T110059.mp4,/Volumes/Data/Bareket/experiments/reptilearn4/PV82/20260221/block4/videos/predictions/front_head_only_resnet_152__front_20260221T110059.parquet,1914,1914,APPLY_PREV,/Volumes/Data/Bareket/experiments/reptilearn4/PV82/20260221/block4/videos/manual_labels/front_20260221T110059/images/train/front_20260221T110059_f0001914.png,/Volumes/Data/Bareket/experiments/reptilearn4/PV82/20260221/block4/videos/manual_labels/front_20260221T110059/labels/train/front_20260221T110059_f0001914.txt
2026-02-22T14:37:16.661786Z,/Volumes/Data/Bareket/experiments/reptilearn4/PV82/20260221/block4/videos/front_20260221T110059.mp4,/Volumes/Data/Bareket/experiments/reptilearn4/PV82/20260221/block4/videos/predictions/front_head_only_resnet_152__front_20260221T110059.parquet,1915,1915,APPLY_PREV|left_ear_cam|mid_ears_cam|nose_cam|right_ear_cam,/Volumes/Data/Bareket/experiments/reptilearn4/PV82/20260221/block4/videos/manual_labels/front_20260221T110059/images/train/front_20260221T110059_f0001915.png,/Volumes/Data/Bareket/experiments/reptilearn4/PV82/20260221/block4/videos/manual_labels/front_20260221T110059/labels/train/front_20260221T110059_f0001915.txt
2026-02-22T14:37:22.305167Z,/Volumes/Data/Bareket/experiments/reptilearn4/PV82/20260221/block4/videos/front_20260221T110059.mp4,/Volumes/Data/Bareket/experiments/reptilearn4/PV82/20260221/block4/videos/predictions/front_head_only_resnet_152__front_20260221T110059.parquet,1917,1917,APPLY_PREV|nose_cam,/Volumes/Data/Bareket/experiments/reptilearn4/PV82/20260221/block4/videos/manual_labels/front_20260221T110059/images/train/front_20260221T110059_f0001917.png,/Volumes/Data/Bareket/experiments/reptilearn4/PV82/20260221/block4/videos/manual_labels/front_20260221T110059/labels/train/front_20260221T110059_f0001917.txt
2026-02-22T14:37:27.299705Z,/Volumes/Data/Bareket/experiments/reptilearn4/PV82/20260221/block4/videos/front_20260221T110059.mp4,/Volumes/Data/Bareket/experiments/reptilearn4/PV82/20260221/block4/videos/predictions/front_head_only_resnet_152__front_20260221T110059.parquet,1976,1976,NO_HEAD,/Volumes/Data/Bareket/experiments/reptilearn4/PV82/20260221/block4/videos/manual_labels/front_20260221T110059/images/train/front_20260221T110059_f0001976.png,/Volumes/Data/Bareket/experiments/reptilearn4/PV82/20260221/block4/videos/manual_labels/front_20260221T110059/labels/train/front_20260221T110059_f0001976.txt
2026-02-23T14:40:42.350078Z,/Volumes/Data/Bareket/experiments/reptilearn4/PV82/20260221/block4/videos/front_20260221T110059.mp4,/Volumes/Data/Bareket/experiments/reptilearn4/PV82/20260221/block4/videos/predictions/front_head_only_resnet_152__front_20260221T110059.parquet,677,677,APPLY_NEXT10,/Volumes/Data/Bareket/experiments/reptilearn4/PV82/20260221/block4/videos/manual_labels/front_20260221T110059/images/train/front_20260221T110059_f0000677.png,/Volumes/Data/Bareket/experiments/reptilearn4/PV82/20260221/block4/videos/manual_labels/front_20260221T110059/labels/train/front_20260221T110059_f0000677.txt
2026-02-23T14:40:47.437230Z,/Volumes/Data/Bareket/experiments/reptilearn4/PV82/20260221/block4/videos/front_20260221T110059.mp4,/Volumes/Data/Bareket/experiments/reptilearn4/PV82/20260221/block4/videos/predictions/front_head_only_resnet_152__front_20260221T110059.parquet,678,678,APPLY_NEXT10,/Volumes/Data/Bareket/experiments/reptilearn4/PV82/20260221/block4/videos/manual_labels/front_20260221T110059/images/train/front_20260221T110059_f0000678.png,/Volumes/Data/Bareket/experiments/reptilearn4/PV82/20260221/block4/videos/manual_labels/front_20260221T110059/labels/train/front_20260221T110059_f0000678.txt
2026-02-23T14:40:52.296718Z,/Volumes/Data/Bareket/experiments/reptilearn4/PV82/20260221/block4/videos/front_20260221T110059.mp4,/Volumes/Data/Bareket/experiments/reptilearn4/PV82/20260221/block4/videos/predictions/front_head_only_resnet_152__front_20260221T110059.parquet,679,679,APPLY_NEXT10,/Volumes/Data/Bareket/experiments/reptilearn4/PV82/20260221/block4/videos/manual_labels/front_20260221T110059/images/train/front_20260221T110059_f0000679.png,/Volumes/Data/Bareket/experiments/reptilearn4/PV82/20260221/block4/videos/manual_labels/front_20260221T110059/labels/train/front_20260221T110059_f0000679.txt
2026-02-23T14:40:56.416593Z,/Volumes/Data/Bareket/experiments/reptilearn4/PV82/20260221/block4/videos/front_20260221T110059.mp4,/Volumes/Data/Bareket/experiments/reptilearn4/PV82/20260221/block4/videos/predictions/front_head_only_resnet_152__front_20260221T110059.parquet,680,680,APPLY_NEXT10,/Volumes/Data/Bareket/experiments/reptilearn4/PV82/20260221/block4/videos/manual_labels/front_20260221T110059/images/train/front_20260221T110059_f0000680.png,/Volumes/Data/Bareket/experiments/reptilearn4/PV82/20260221/block4/videos/manual_labels/front_20260221T110059/labels/train/front_20260221T110059_f0000680.txt
2026-02-23T14:41:01.209043Z,/Volumes/Data/Bareket/experiments/reptilearn4/PV82/20260221/block4/videos/front_20260221T110059.mp4,/Volumes/Data/Bareket/experiments/reptilearn4/PV82/20260221/block4/videos/predictions/front_head_only_resnet_152__front_20260221T110059.parquet,681,681,APPLY_NEXT10,/Volumes/Data/Bareket/experiments/reptilearn4/PV82/20260221/block4/videos/manual_labels/front_20260221T110059/images/train/front_20260221T110059_f0000681.png,/Volumes/Data/Bareket/experiments/reptilearn4/PV82/20260221/block4/videos/manual_labels/front_20260221T110059/labels/train/front_20260221T110059_f0000681.txt
2026-02-23T14:41:06.021742Z,/Volumes/Data/Bareket/experiments/reptilearn4/PV82/20260221/block4/videos/front_20260221T110059.mp4,/Volumes/Data/Bareket/experiments/reptilearn4/PV82/20260221/block4/videos/predictions/front_head_only_resnet_152__front_20260221T110059.parquet,682,682,APPLY_NEXT10,/Volumes/Data/Bareket/experiments/reptilearn4/PV82/20260221/block4/videos/manual_labels/front_20260221T110059/images/train/front_20260221T110059_f0000682.png,/Volumes/Data/Bareket/experiments/reptilearn4/PV82/20260221/block4/videos/manual_labels/front_20260221T110059/labels/train/front_20260221T110059_f0000682.txt
2026-02-23T14:41:10.759168Z,/Volumes/Data/Bareket/experiments/reptilearn4/PV82/20260221/block4/videos/front_20260221T110059.mp4,/Volumes/Data/Bareket/experiments/reptilearn4/PV82/20260221/block4/videos/predictions/front_head_only_resnet_152__front_20260221T110059.parquet,683,683,APPLY_NEXT10,/Volumes/Data/Bareket/experiments/reptilearn4/PV82/20260221/block4/videos/manual_labels/front_20260221T110059/images/train/front_20260221T110059_f0000683.png,/Volumes/Data/Bareket/experiments/reptilearn4/PV82/20260221/block4/videos/manual_labels/front_20260221T110059/labels/train/front_20260221T110059_f0000683.txt
2026-02-23T14:41:15.906772Z,/Volumes/Data/Bareket/experiments/reptilearn4/PV82/20260221/block4/videos/front_20260221T110059.mp4,/Volumes/Data/Bareket/experiments/reptilearn4/PV82/20260221/block4/videos/predictions/front_head_only_resnet_152__front_20260221T110059.parquet,684,684,APPLY_NEXT10,/Volumes/Data/Bareket/experiments/reptilearn4/PV82/20260221/block4/videos/manual_labels/front_20260221T110059/images/train/front_20260221T110059_f0000684.png,/Volumes/Data/Bareket/experiments/reptilearn4/PV82/20260221/block4/videos/manual_labels/front_20260221T110059/labels/train/front_20260221T110059_f0000684.txt
2026-02-23T14:41:24.937078Z,/Volumes/Data/Bareket/experiments/reptilearn4/PV82/20260221/block4/videos/front_20260221T110059.mp4,/Volumes/Data/Bareket/experiments/reptilearn4/PV82/20260221/block4/videos/predictions/front_head_only_resnet_152__front_20260221T110059.parquet,685,685,APPLY_NEXT10,/Volumes/Data/Bareket/experiments/reptilearn4/PV82/20260221/block4/videos/manual_labels/front_20260221T110059/images/train/front_20260221T110059_f0000685.png,/Volumes/Data/Bareket/experiments/reptilearn4/PV82/20260221/block4/videos/manual_labels/front_20260221T110059/labels/train/front_20260221T110059_f0000685.txt
2026-02-23T14:41:30.797716Z,/Volumes/Data/Bareket/experiments/reptilearn4/PV82/20260221/block4/videos/front_20260221T110059.mp4,/Volumes/Data/Bareket/experiments/reptilearn4/PV82/20260221/block4/videos/predictions/front_head_only_resnet_152__front_20260221T110059.parquet,686,686,APPLY_NEXT10,/Volumes/Data/Bareket/experiments/reptilearn4/PV82/20260221/block4/videos/manual_labels/front_20260221T110059/images/train/front_20260221T110059_f0000686.png,/Volumes/Data/Bareket/experiments/reptilearn4/PV82/20260221/block4/videos/manual_labels/front_20260221T110059/labels/train/front_20260221T110059_f0000686.txt
2026-02-23T14:41:37.058201Z,/Volumes/Data/Bareket/experiments/reptilearn4/PV82/20260221/block4/videos/front_20260221T110059.mp4,/Volumes/Data/Bareket/experiments/reptilearn4/PV82/20260221/block4/videos/predictions/front_head_only_resnet_152__front_20260221T110059.parquet,690,690,APPLY_NEXT10,/Volumes/Data/Bareket/experiments/reptilearn4/PV82/20260221/block4/videos/manual_labels/front_20260221T110059/images/train/front_20260221T110059_f0000690.png,/Volumes/Data/Bareket/experiments/reptilearn4/PV82/20260221/block4/videos/manual_labels/front_20260221T110059/labels/train/front_20260221T110059_f0000690.txt
2026-02-23T14:41:42.463159Z,/Volumes/Data/Bareket/experiments/reptilearn4/PV82/20260221/block4/videos/front_20260221T110059.mp4,/Volumes/Data/Bareket/experiments/reptilearn4/PV82/20260221/block4/videos/predictions/front_head_only_resnet_152__front_20260221T110059.parquet,691,691,APPLY_NEXT10,/Volumes/Data/Bareket/experiments/reptilearn4/PV82/20260221/block4/videos/manual_labels/front_20260221T110059/images/train/front_20260221T110059_f0000691.png,/Volumes/Data/Bareket/experiments/reptilearn4/PV82/20260221/block4/videos/manual_labels/front_20260221T110059/labels/train/front_20260221T110059_f0000691.txt
2026-02-23T14:41:47.953812Z,/Volumes/Data/Bareket/experiments/reptilearn4/PV82/20260221/block4/videos/front_20260221T110059.mp4,/Volumes/Data/Bareket/experiments/reptilearn4/PV82/20260221/block4/videos/predictions/front_head_only_resnet_152__front_20260221T110059.parquet,692,692,APPLY_NEXT10,/Volumes/Data/Bareket/experiments/reptilearn4/PV82/20260221/block4/videos/manual_labels/front_20260221T110059/images/train/front_20260221T110059_f0000692.png,/Volumes/Data/Bareket/experiments/reptilearn4/PV82/20260221/block4/videos/manual_labels/front_20260221T110059/labels/train/front_20260221T110059_f0000692.txt
2026-02-23T14:41:54.117629Z,/Volumes/Data/Bareket/experiments/reptilearn4/PV82/20260221/block4/videos/front_20260221T110059.mp4,/Volumes/Data/Bareket/experiments/reptilearn4/PV82/20260221/block4/videos/predictions/front_head_only_resnet_152__front_20260221T110059.parquet,693,693,APPLY_NEXT10,/Volumes/Data/Bareket/experiments/reptilearn4/PV82/20260221/block4/videos/manual_labels/front_20260221T110059/images/train/front_20260221T110059_f0000693.png,/Volumes/Data/Bareket/experiments/reptilearn4/PV82/20260221/block4/videos/manual_labels/front_20260221T110059/labels/train/front_20260221T110059_f0000693.txt
2026-02-23T14:42:00.940759Z,/Volumes/Data/Bareket/experiments/reptilearn4/PV82/20260221/block4/videos/front_20260221T110059.mp4,/Volumes/Data/Bareket/experiments/reptilearn4/PV82/20260221/block4/videos/predictions/front_head_only_resnet_152__front_20260221T110059.parquet,694,694,APPLY_NEXT10,/Volumes/Data/Bareket/experiments/reptilearn4/PV82/20260221/block4/videos/manual_labels/front_20260221T110059/images/train/front_20260221T110059_f0000694.png,/Volumes/Data/Bareket/experiments/reptilearn4/PV82/20260221/block4/videos/manual_labels/front_20260221T110059/labels/train/front_20260221T110059_f0000694.txt
2026-02-23T14:42:06.351112Z,/Volumes/Data/Bareket/experiments/reptilearn4/PV82/20260221/block4/videos/front_20260221T110059.mp4,/Volumes/Data/Bareket/experiments/reptilearn4/PV82/20260221/block4/videos/predictions/front_head_only_resnet_152__front_20260221T110059.parquet,695,695,APPLY_NEXT10,/Volumes/Data/Bareket/experiments/reptilearn4/PV82/20260221/block4/videos/manual_labels/front_20260221T110059/images/train/front_20260221T110059_f0000695.png,/Volumes/Data/Bareket/experiments/reptilearn4/PV82/20260221/block4/videos/manual_labels/front_20260221T110059/labels/train/front_20260221T110059_f0000695.txt
2026-02-23T14:42:13.470177Z,/Volumes/Data/Bareket/experiments/reptilearn4/PV82/20260221/block4/videos/front_20260221T110059.mp4,/Volumes/Data/Bareket/experiments/reptilearn4/PV82/20260221/block4/videos/predictions/front_head_only_resnet_152__front_20260221T110059.parquet,696,696,APPLY_NEXT10,/Volumes/Data/Bareket/experiments/reptilearn4/PV82/20260221/block4/videos/manual_labels/front_20260221T110059/images/train/front_20260221T110059_f0000696.png,/Volumes/Data/Bareket/experiments/reptilearn4/PV82/20260221/block4/videos/manual_labels/front_20260221T110059/labels/train/front_20260221T110059_f0000696.txt
2026-02-23T14:42:20.890021Z,/Volumes/Data/Bareket/experiments/reptilearn4/PV82/20260221/block4/videos/front_20260221T110059.mp4,/Volumes/Data/Bareket/experiments/reptilearn4/PV82/20260221/block4/videos/predictions/front_head_only_resnet_152__front_20260221T110059.parquet,697,697,APPLY_NEXT10,/Volumes/Data/Bareket/experiments/reptilearn4/PV82/20260221/block4/videos/manual_labels/front_20260221T110059/images/train/front_20260221T110059_f0000697.png,/Volumes/Data/Bareket/experiments/reptilearn4/PV82/20260221/block4/videos/manual_labels/front_20260221T110059/labels/train/front_20260221T110059_f0000697.txt
2026-02-23T14:42:26.279886Z,/Volumes/Data/Bareket/experiments/reptilearn4/PV82/20260221/block4/videos/front_20260221T110059.mp4,/Volumes/Data/Bareket/experiments/reptilearn4/PV82/20260221/block4/videos/predictions/front_head_only_resnet_152__front_20260221T110059.parquet,698,698,APPLY_NEXT10,/Volumes/Data/Bareket/experiments/reptilearn4/PV82/20260221/block4/videos/manual_labels/front_20260221T110059/images/train/front_20260221T110059_f0000698.png,/Volumes/Data/Bareket/experiments/reptilearn4/PV82/20260221/block4/videos/manual_labels/front_20260221T110059/labels/train/front_20260221T110059_f0000698.txt
2026-02-23T14:42:31.320816Z,/Volumes/Data/Bareket/experiments/reptilearn4/PV82/20260221/block4/videos/front_20260221T110059.mp4,/Volumes/Data/Bareket/experiments/reptilearn4/PV82/20260221/block4/videos/predictions/front_head_only_resnet_152__front_20260221T110059.parquet,699,699,APPLY_NEXT10,/Volumes/Data/Bareket/experiments/reptilearn4/PV82/20260221/block4/videos/manual_labels/front_20260221T110059/images/train/front_20260221T110059_f0000699.png,/Volumes/Data/Bareket/experiments/reptilearn4/PV82/20260221/block4/videos/manual_labels/front_20260221T110059/labels/train/front_20260221T110059_f0000699.txt
2026-02-23T14:42:36.718392Z,/Volumes/Data/Bareket/experiments/reptilearn4/PV82/20260221/block4/videos/front_20260221T110059.mp4,/Volumes/Data/Bareket/experiments/reptilearn4/PV82/20260221/block4/videos/predictions/front_head_only_resnet_152__front_20260221T110059.parquet,700,700,APPLY_NEXT10,/Volumes/Data/Bareket/experiments/reptilearn4/PV82/20260221/block4/videos/manual_labels/front_20260221T110059/images/train/front_20260221T110059_f0000700.png,/Volumes/Data/Bareket/experiments/reptilearn4/PV82/20260221/block4/videos/manual_labels/front_20260221T110059/labels/train/front_20260221T110059_f0000700.txt
2026-02-23T14:42:41.979759Z,/Volumes/Data/Bareket/experiments/reptilearn4/PV82/20260221/block4/videos/front_20260221T110059.mp4,/Volumes/Data/Bareket/experiments/reptilearn4/PV82/20260221/block4/videos/predictions/front_head_only_resnet_152__front_20260221T110059.parquet,701,701,APPLY_NEXT10,/Volumes/Data/Bareket/experiments/reptilearn4/PV82/20260221/block4/videos/manual_labels/front_20260221T110059/images/train/front_20260221T110059_f0000701.png,/Volumes/Data/Bareket/experiments/reptilearn4/PV82/20260221/block4/videos/manual_labels/front_20260221T110059/labels/train/front_20260221T110059_f0000701.txt
2026-02-23T14:42:49.227213Z,/Volumes/Data/Bareket/experiments/reptilearn4/PV82/20260221/block4/videos/front_20260221T110059.mp4,/Volumes/Data/Bareket/experiments/reptilearn4/PV82/20260221/block4/videos/predictions/front_head_only_resnet_152__front_20260221T110059.parquet,702,702,APPLY_NEXT10,/Volumes/Data/Bareket/experiments/reptilearn4/PV82/20260221/block4/videos/manual_labels/front_20260221T110059/images/train/front_20260221T110059_f0000702.png,/Volumes/Data/Bareket/experiments/reptilearn4/PV82/20260221/block4/videos/manual_labels/front_20260221T110059/labels/train/front_20260221T110059_f0000702.txt
2026-02-23T14:42:55.310814Z,/Volumes/Data/Bareket/experiments/reptilearn4/PV82/20260221/block4/videos/front_20260221T110059.mp4,/Volumes/Data/Bareket/experiments/reptilearn4/PV82/20260221/block4/videos/predictions/front_head_only_resnet_152__front_20260221T110059.parquet,703,703,APPLY_NEXT10,/Volumes/Data/Bareket/experiments/reptilearn4/PV82/20260221/block4/videos/manual_labels/front_20260221T110059/images/train/front_20260221T110059_f0000703.png,/Volumes/Data/Bareket/experiments/reptilearn4/PV82/20260221/block4/videos/manual_labels/front_20260221T110059/labels/train/front_20260221T110059_f0000703.txt
2026-02-23T14:43:00.258377Z,/Volumes/Data/Bareket/experiments/reptilearn4/PV82/20260221/block4/videos/front_20260221T110059.mp4,/Volumes/Data/Bareket/experiments/reptilearn4/PV82/20260221/block4/videos/predictions/front_head_only_resnet_152__front_20260221T110059.parquet,704,704,APPLY_NEXT10,/Volumes/Data/Bareket/experiments/reptilearn4/PV82/20260221/block4/videos/manual_labels/front_20260221T110059/images/train/front_20260221T110059_f0000704.png,/Volumes/Data/Bareket/experiments/reptilearn4/PV82/20260221/block4/videos/manual_labels/front_20260221T110059/labels/train/front_20260221T110059_f0000704.txt
2026-02-23T14:43:05.793332Z,/Volumes/Data/Bareket/experiments/reptilearn4/PV82/20260221/block4/videos/front_20260221T110059.mp4,/Volumes/Data/Bareket/experiments/reptilearn4/PV82/20260221/block4/videos/predictions/front_head_only_resnet_152__front_20260221T110059.parquet,705,705,APPLY_NEXT10,/Volumes/Data/Bareket/experiments/reptilearn4/PV82/20260221/block4/videos/manual_labels/front_20260221T110059/images/train/front_20260221T110059_f0000705.png,/Volumes/Data/Bareket/experiments/reptilearn4/PV82/20260221/block4/videos/manual_labels/front_20260221T110059/labels/train/front_20260221T110059_f0000705.txt
2026-02-23T14:43:10.799075Z,/Volumes/Data/Bareket/experiments/reptilearn4/PV82/20260221/block4/videos/front_20260221T110059.mp4,/Volumes/Data/Bareket/experiments/reptilearn4/PV82/20260221/block4/videos/predictions/front_head_only_resnet_152__front_20260221T110059.parquet,706,706,APPLY_NEXT10,/Volumes/Data/Bareket/experiments/reptilearn4/PV82/20260221/block4/videos/manual_labels/front_20260221T110059/images/train/front_20260221T110059_f0000706.png,/Volumes/Data/Bareket/experiments/reptilearn4/PV82/20260221/block4/videos/manual_labels/front_20260221T110059/labels/train/front_20260221T110059_f0000706.txt
2026-02-23T14:43:15.814497Z,/Volumes/Data/Bareket/experiments/reptilearn4/PV82/20260221/block4/videos/front_20260221T110059.mp4,/Volumes/Data/Bareket/experiments/reptilearn4/PV82/20260221/block4/videos/predictions/front_head_only_resnet_152__front_20260221T110059.parquet,707,707,APPLY_NEXT10,/Volumes/Data/Bareket/experiments/reptilearn4/PV82/20260221/block4/videos/manual_labels/front_20260221T110059/images/train/front_20260221T110059_f0000707.png,/Volumes/Data/Bareket/experiments/reptilearn4/PV82/20260221/block4/videos/manual_labels/front_20260221T110059/labels/train/front_20260221T110059_f0000707.txt
2026-02-23T14:43:20.372077Z,/Volumes/Data/Bareket/experiments/reptilearn4/PV82/20260221/block4/videos/front_20260221T110059.mp4,/Volumes/Data/Bareket/experiments/reptilearn4/PV82/20260221/block4/videos/predictions/front_head_only_resnet_152__front_20260221T110059.parquet,708,708,APPLY_NEXT10,/Volumes/Data/Bareket/experiments/reptilearn4/PV82/20260221/block4/videos/manual_labels/front_20260221T110059/images/train/front_20260221T110059_f0000708.png,/Volumes/Data/Bareket/experiments/reptilearn4/PV82/20260221/block4/videos/manual_labels/front_20260221T110059/labels/train/front_20260221T110059_f0000708.txt
2026-02-23T14:43:26.729560Z,/Volumes/Data/Bareket/experiments/reptilearn4/PV82/20260221/block4/videos/front_20260221T110059.mp4,/Volumes/Data/Bareket/experiments/reptilearn4/PV82/20260221/block4/videos/predictions/front_head_only_resnet_152__front_20260221T110059.parquet,709,709,APPLY_NEXT10,/Volumes/Data/Bareket/experiments/reptilearn4/PV82/20260221/block4/videos/manual_labels/front_20260221T110059/images/train/front_20260221T110059_f0000709.png,/Volumes/Data/Bareket/experiments/reptilearn4/PV82/20260221/block4/videos/manual_labels/front_20260221T110059/labels/train/front_20260221T110059_f0000709.txt
2026-02-23T14:43:31.739143Z,/Volumes/Data/Bareket/experiments/reptilearn4/PV82/20260221/block4/videos/front_20260221T110059.mp4,/Volumes/Data/Bareket/experiments/reptilearn4/PV82/20260221/block4/videos/predictions/front_head_only_resnet_152__front_20260221T110059.parquet,710,710,APPLY_NEXT10,/Volumes/Data/Bareket/experiments/reptilearn4/PV82/20260221/block4/videos/manual_labels/front_20260221T110059/images/train/front_20260221T110059_f0000710.png,/Volumes/Data/Bareket/experiments/reptilearn4/PV82/20260221/block4/videos/manual_labels/front_20260221T110059/labels/train/front_20260221T110059_f0000710.txt
2026-02-23T14:43:36.477231Z,/Volumes/Data/Bareket/experiments/reptilearn4/PV82/20260221/block4/videos/front_20260221T110059.mp4,/Volumes/Data/Bareket/experiments/reptilearn4/PV82/20260221/block4/videos/predictions/front_head_only_resnet_152__front_20260221T110059.parquet,711,711,APPLY_NEXT10,/Volumes/Data/Bareket/experiments/reptilearn4/PV82/20260221/block4/videos/manual_labels/front_20260221T110059/images/train/front_20260221T110059_f0000711.png,/Volumes/Data/Bareket/experiments/reptilearn4/PV82/20260221/block4/videos/manual_labels/front_20260221T110059/labels/train/front_20260221T110059_f0000711.txt
2026-02-23T14:43:41.557077Z,/Volumes/Data/Bareket/experiments/reptilearn4/PV82/20260221/block4/videos/front_20260221T110059.mp4,/Volumes/Data/Bareket/experiments/reptilearn4/PV82/20260221/block4/videos/predictions/front_head_only_resnet_152__front_20260221T110059.parquet,712,712,APPLY_NEXT10,/Volumes/Data/Bareket/experiments/reptilearn4/PV82/20260221/block4/videos/manual_labels/front_20260221T110059/images/train/front_20260221T110059_f0000712.png,/Volumes/Data/Bareket/experiments/reptilearn4/PV82/20260221/block4/videos/manual_labels/front_20260221T110059/labels/train/front_20260221T110059_f0000712.txt
2026-02-23T14:43:48.085243Z,/Volumes/Data/Bareket/experiments/reptilearn4/PV82/20260221/block4/videos/front_20260221T110059.mp4,/Volumes/Data/Bareket/experiments/reptilearn4/PV82/20260221/block4/videos/predictions/front_head_only_resnet_152__front_20260221T110059.parquet,713,713,APPLY_NEXT10,/Volumes/Data/Bareket/experiments/reptilearn4/PV82/20260221/block4/videos/manual_labels/front_20260221T110059/images/train/front_20260221T110059_f0000713.png,/Volumes/Data/Bareket/experiments/reptilearn4/PV82/20260221/block4/videos/manual_labels/front_20260221T110059/labels/train/front_20260221T110059_f0000713.txt
2026-02-23T14:43:53.440210Z,/Volumes/Data/Bareket/experiments/reptilearn4/PV82/20260221/block4/videos/front_20260221T110059.mp4,/Volumes/Data/Bareket/experiments/reptilearn4/PV82/20260221/block4/videos/predictions/front_head_only_resnet_152__front_20260221T110059.parquet,714,714,APPLY_NEXT10,/Volumes/Data/Bareket/experiments/reptilearn4/PV82/20260221/block4/videos/manual_labels/front_20260221T110059/images/train/front_20260221T110059_f0000714.png,/Volumes/Data/Bareket/experiments/reptilearn4/PV82/20260221/block4/videos/manual_labels/front_20260221T110059/labels/train/front_20260221T110059_f0000714.txt
2026-02-23T14:44:00.047317Z,/Volumes/Data/Bareket/experiments/reptilearn4/PV82/20260221/block4/videos/front_20260221T110059.mp4,/Volumes/Data/Bareket/experiments/reptilearn4/PV82/20260221/block4/videos/predictions/front_head_only_resnet_152__front_20260221T110059.parquet,715,715,APPLY_NEXT10,/Volumes/Data/Bareket/experiments/reptilearn4/PV82/20260221/block4/videos/manual_labels/front_20260221T110059/images/train/front_20260221T110059_f0000715.png,/Volumes/Data/Bareket/experiments/reptilearn4/PV82/20260221/block4/videos/manual_labels/front_20260221T110059/labels/train/front_20260221T110059_f0000715.txt
2026-02-23T14:44:06.477527Z,/Volumes/Data/Bareket/experiments/reptilearn4/PV82/20260221/block4/videos/front_20260221T110059.mp4,/Volumes/Data/Bareket/experiments/reptilearn4/PV82/20260221/block4/videos/predictions/front_head_only_resnet_152__front_20260221T110059.parquet,716,716,APPLY_NEXT10,/Volumes/Data/Bareket/experiments/reptilearn4/PV82/20260221/block4/videos/manual_labels/front_20260221T110059/images/train/front_20260221T110059_f0000716.png,/Volumes/Data/Bareket/experiments/reptilearn4/PV82/20260221/block4/videos/manual_labels/front_20260221T110059/labels/train/front_20260221T110059_f0000716.txt
2026-02-23T14:44:12.267917Z,/Volumes/Data/Bareket/experiments/reptilearn4/PV82/20260221/block4/videos/front_20260221T110059.mp4,/Volumes/Data/Bareket/experiments/reptilearn4/PV82/20260221/block4/videos/predictions/front_head_only_resnet_152__front_20260221T110059.parquet,717,717,APPLY_NEXT10,/Volumes/Data/Bareket/experiments/reptilearn4/PV82/20260221/block4/videos/manual_labels/front_20260221T110059/images/train/front_20260221T110059_f0000717.png,/Volumes/Data/Bareket/experiments/reptilearn4/PV82/20260221/block4/videos/manual_labels/front_20260221T110059/labels/train/front_20260221T110059_f0000717.txt
2026-02-23T14:44:17.430642Z,/Volumes/Data/Bareket/experiments/reptilearn4/PV82/20260221/block4/videos/front_20260221T110059.mp4,/Volumes/Data/Bareket/experiments/reptilearn4/PV82/20260221/block4/videos/predictions/front_head_only_resnet_152__front_20260221T110059.parquet,718,718,APPLY_NEXT10,/Volumes/Data/Bareket/experiments/reptilearn4/PV82/20260221/block4/videos/manual_labels/front_20260221T110059/images/train/front_20260221T110059_f0000718.png,/Volumes/Data/Bareket/experiments/reptilearn4/PV82/20260221/block4/videos/manual_labels/front_20260221T110059/labels/train/front_20260221T110059_f0000718.txt
2026-02-23T14:44:23.297336Z,/Volumes/Data/Bareket/experiments/reptilearn4/PV82/20260221/block4/videos/front_20260221T110059.mp4,/Volumes/Data/Bareket/experiments/reptilearn4/PV82/20260221/block4/videos/predictions/front_head_only_resnet_152__front_20260221T110059.parquet,719,719,APPLY_NEXT10,/Volumes/Data/Bareket/experiments/reptilearn4/PV82/20260221/block4/videos/manual_labels/front_20260221T110059/images/train/front_20260221T110059_f0000719.png,/Volumes/Data/Bareket/experiments/reptilearn4/PV82/20260221/block4/videos/manual_labels/front_20260221T110059/labels/train/front_20260221T110059_f0000719.txt
2026-02-23T14:44:28.372178Z,/Volumes/Data/Bareket/experiments/reptilearn4/PV82/20260221/block4/videos/front_20260221T110059.mp4,/Volumes/Data/Bareket/experiments/reptilearn4/PV82/20260221/block4/videos/predictions/front_head_only_resnet_152__front_20260221T110059.parquet,720,720,APPLY_NEXT10,/Volumes/Data/Bareket/experiments/reptilearn4/PV82/20260221/block4/videos/manual_labels/front_20260221T110059/images/train/front_20260221T110059_f0000720.png,/Volumes/Data/Bareket/experiments/reptilearn4/PV82/20260221/block4/videos/manual_labels/front_20260221T110059/labels/train/front_20260221T110059_f0000720.txt
2026-02-23T14:44:33.391113Z,/Volumes/Data/Bareket/experiments/reptilearn4/PV82/20260221/block4/videos/front_20260221T110059.mp4,/Volumes/Data/Bareket/experiments/reptilearn4/PV82/20260221/block4/videos/predictions/front_head_only_resnet_152__front_20260221T110059.parquet,721,721,APPLY_NEXT10,/Volumes/Data/Bareket/experiments/reptilearn4/PV82/20260221/block4/videos/manual_labels/front_20260221T110059/images/train/front_20260221T110059_f0000721.png,/Volumes/Data/Bareket/experiments/reptilearn4/PV82/20260221/block4/videos/manual_labels/front_20260221T110059/labels/train/front_20260221T110059_f0000721.txt
2026-02-23T14:44:38.550069Z,/Volumes/Data/Bareket/experiments/reptilearn4/PV82/20260221/block4/videos/front_20260221T110059.mp4,/Volumes/Data/Bareket/experiments/reptilearn4/PV82/20260221/block4/videos/predictions/front_head_only_resnet_152__front_20260221T110059.parquet,722,722,APPLY_NEXT10,/Volumes/Data/Bareket/experiments/reptilearn4/PV82/20260221/block4/videos/manual_labels/front_20260221T110059/images/train/front_20260221T110059_f0000722.png,/Volumes/Data/Bareket/experiments/reptilearn4/PV82/20260221/block4/videos/manual_labels/front_20260221T110059/labels/train/front_20260221T110059_f0000722.txt
2026-02-23T14:44:43.370210Z,/Volumes/Data/Bareket/experiments/reptilearn4/PV82/20260221/block4/videos/front_20260221T110059.mp4,/Volumes/Data/Bareket/experiments/reptilearn4/PV82/20260221/block4/videos/predictions/front_head_only_resnet_152__front_20260221T110059.parquet,723,723,APPLY_NEXT10,/Volumes/Data/Bareket/experiments/reptilearn4/PV82/20260221/block4/videos/manual_labels/front_20260221T110059/images/train/front_20260221T110059_f0000723.png,/Volumes/Data/Bareket/experiments/reptilearn4/PV82/20260221/block4/videos/manual_labels/front_20260221T110059/labels/train/front_20260221T110059_f0000723.txt
2026-02-23T14:44:47.972209Z,/Volumes/Data/Bareket/experiments/reptilearn4/PV82/20260221/block4/videos/front_20260221T110059.mp4,/Volumes/Data/Bareket/experiments/reptilearn4/PV82/20260221/block4/videos/predictions/front_head_only_resnet_152__front_20260221T110059.parquet,724,724,APPLY_NEXT10,/Volumes/Data/Bareket/experiments/reptilearn4/PV82/20260221/block4/videos/manual_labels/front_20260221T110059/images/train/front_20260221T110059_f0000724.png,/Volumes/Data/Bareket/experiments/reptilearn4/PV82/20260221/block4/videos/manual_labels/front_20260221T110059/labels/train/front_20260221T110059_f0000724.txt
2026-02-23T14:44:52.657065Z,/Volumes/Data/Bareket/experiments/reptilearn4/PV82/20260221/block4/videos/front_20260221T110059.mp4,/Volumes/Data/Bareket/experiments/reptilearn4/PV82/20260221/block4/videos/predictions/front_head_only_resnet_152__front_20260221T110059.parquet,725,725,APPLY_NEXT10,/Volumes/Data/Bareket/experiments/reptilearn4/PV82/20260221/block4/videos/manual_labels/front_20260221T110059/images/train/front_20260221T110059_f0000725.png,/Volumes/Data/Bareket/experiments/reptilearn4/PV82/20260221/block4/videos/manual_labels/front_20260221T110059/labels/train/front_20260221T110059_f0000725.txt
2026-02-23T14:44:57.228971Z,/Volumes/Data/Bareket/experiments/reptilearn4/PV82/20260221/block4/videos/front_20260221T110059.mp4,/Volumes/Data/Bareket/experiments/reptilearn4/PV82/20260221/block4/videos/predictions/front_head_only_resnet_152__front_20260221T110059.parquet,726,726,APPLY_NEXT10,/Volumes/Data/Bareket/experiments/reptilearn4/PV82/20260221/block4/videos/manual_labels/front_20260221T110059/images/train/front_20260221T110059_f0000726.png,/Volumes/Data/Bareket/experiments/reptilearn4/PV82/20260221/block4/videos/manual_labels/front_20260221T110059/labels/train/front_20260221T110059_f0000726.txt
2026-02-23T14:45:01.877270Z,/Volumes/Data/Bareket/experiments/reptilearn4/PV82/20260221/block4/videos/front_20260221T110059.mp4,/Volumes/Data/Bareket/experiments/reptilearn4/PV82/20260221/block4/videos/predictions/front_head_only_resnet_152__front_20260221T110059.parquet,727,727,APPLY_NEXT10,/Volumes/Data/Bareket/experiments/reptilearn4/PV82/20260221/block4/videos/manual_labels/front_20260221T110059/images/train/front_20260221T110059_f0000727.png,/Volumes/Data/Bareket/experiments/reptilearn4/PV82/20260221/block4/videos/manual_labels/front_20260221T110059/labels/train/front_20260221T110059_f0000727.txt
2026-02-23T14:45:05.890718Z,/Volumes/Data/Bareket/experiments/reptilearn4/PV82/20260221/block4/videos/front_20260221T110059.mp4,/Volumes/Data/Bareket/experiments/reptilearn4/PV82/20260221/block4/videos/predictions/front_head_only_resnet_152__front_20260221T110059.parquet,728,728,APPLY_NEXT10,/Volumes/Data/Bareket/experiments/reptilearn4/PV82/20260221/block4/videos/manual_labels/front_20260221T110059/images/train/front_20260221T110059_f0000728.png,/Volumes/Data/Bareket/experiments/reptilearn4/PV82/20260221/block4/videos/manual_labels/front_20260221T110059/labels/train/front_20260221T110059_f0000728.txt
2026-02-23T14:45:10.795702Z,/Volumes/Data/Bareket/experiments/reptilearn4/PV82/20260221/block4/videos/front_20260221T110059.mp4,/Volumes/Data/Bareket/experiments/reptilearn4/PV82/20260221/block4/videos/predictions/front_head_only_resnet_152__front_20260221T110059.parquet,729,729,APPLY_NEXT10,/Volumes/Data/Bareket/experiments/reptilearn4/PV82/20260221/block4/videos/manual_labels/front_20260221T110059/images/train/front_20260221T110059_f0000729.png,/Volumes/Data/Bareket/experiments/reptilearn4/PV82/20260221/block4/videos/manual_labels/front_20260221T110059/labels/train/front_20260221T110059_f0000729.txt
2026-02-23T14:45:15.283984Z,/Volumes/Data/Bareket/experiments/reptilearn4/PV82/20260221/block4/videos/front_20260221T110059.mp4,/Volumes/Data/Bareket/experiments/reptilearn4/PV82/20260221/block4/videos/predictions/front_head_only_resnet_152__front_20260221T110059.parquet,730,730,APPLY_NEXT10,/Volumes/Data/Bareket/experiments/reptilearn4/PV82/20260221/block4/videos/manual_labels/front_20260221T110059/images/train/front_20260221T110059_f0000730.png,/Volumes/Data/Bareket/experiments/reptilearn4/PV82/20260221/block4/videos/manual_labels/front_20260221T110059/labels/train/front_20260221T110059_f0000730.txt
2026-02-23T14:45:19.777980Z,/Volumes/Data/Bareket/experiments/reptilearn4/PV82/20260221/block4/videos/front_20260221T110059.mp4,/Volumes/Data/Bareket/experiments/reptilearn4/PV82/20260221/block4/videos/predictions/front_head_only_resnet_152__front_20260221T110059.parquet,731,731,APPLY_NEXT10,/Volumes/Data/Bareket/experiments/reptilearn4/PV82/20260221/block4/videos/manual_labels/front_20260221T110059/images/train/front_20260221T110059_f0000731.png,/Volumes/Data/Bareket/experiments/reptilearn4/PV82/20260221/block4/videos/manual_labels/front_20260221T110059/labels/train/front_20260221T110059_f0000731.txt
2026-02-23T14:45:24.519242Z,/Volumes/Data/Bareket/experiments/reptilearn4/PV82/20260221/block4/videos/front_20260221T110059.mp4,/Volumes/Data/Bareket/experiments/reptilearn4/PV82/20260221/block4/videos/predictions/front_head_only_resnet_152__front_20260221T110059.parquet,732,732,APPLY_NEXT10,/Volumes/Data/Bareket/experiments/reptilearn4/PV82/20260221/block4/videos/manual_labels/front_20260221T110059/images/train/front_20260221T110059_f0000732.png,/Volumes/Data/Bareket/experiments/reptilearn4/PV82/20260221/block4/videos/manual_labels/front_20260221T110059/labels/train/front_20260221T110059_f0000732.txt
2026-02-23T14:45:29.105176Z,/Volumes/Data/Bareket/experiments/reptilearn4/PV82/20260221/block4/videos/front_20260221T110059.mp4,/Volumes/Data/Bareket/experiments/reptilearn4/PV82/20260221/block4/videos/predictions/front_head_only_resnet_152__front_20260221T110059.parquet,733,733,APPLY_NEXT10,/Volumes/Data/Bareket/experiments/reptilearn4/PV82/20260221/block4/videos/manual_labels/front_20260221T110059/images/train/front_20260221T110059_f0000733.png,/Volumes/Data/Bareket/experiments/reptilearn4/PV82/20260221/block4/videos/manual_labels/front_20260221T110059/labels/train/front_20260221T110059_f0000733.txt
2026-02-23T14:45:33.071178Z,/Volumes/Data/Bareket/experiments/reptilearn4/PV82/20260221/block4/videos/front_20260221T110059.mp4,/Volumes/Data/Bareket/experiments/reptilearn4/PV82/20260221/block4/videos/predictions/front_head_only_resnet_152__front_20260221T110059.parquet,734,734,APPLY_NEXT10,/Volumes/Data/Bareket/experiments/reptilearn4/PV82/20260221/block4/videos/manual_labels/front_20260221T110059/images/train/front_20260221T110059_f0000734.png,/Volumes/Data/Bareket/experiments/reptilearn4/PV82/20260221/block4/videos/manual_labels/front_20260221T110059/labels/train/front_20260221T110059_f0000734.txt
2026-02-23T14:45:37.756022Z,/Volumes/Data/Bareket/experiments/reptilearn4/PV82/20260221/block4/videos/front_20260221T110059.mp4,/Volumes/Data/Bareket/experiments/reptilearn4/PV82/20260221/block4/videos/predictions/front_head_only_resnet_152__front_20260221T110059.parquet,735,735,APPLY_NEXT10,/Volumes/Data/Bareket/experiments/reptilearn4/PV82/20260221/block4/videos/manual_labels/front_20260221T110059/images/train/front_20260221T110059_f0000735.png,/Volumes/Data/Bareket/experiments/reptilearn4/PV82/20260221/block4/videos/manual_labels/front_20260221T110059/labels/train/front_20260221T110059_f0000735.txt
2026-02-23T14:45:43.189078Z,/Volumes/Data/Bareket/experiments/reptilearn4/PV82/20260221/block4/videos/front_20260221T110059.mp4,/Volumes/Data/Bareket/experiments/reptilearn4/PV82/20260221/block4/videos/predictions/front_head_only_resnet_152__front_20260221T110059.parquet,736,736,APPLY_NEXT10,/Volumes/Data/Bareket/experiments/reptilearn4/PV82/20260221/block4/videos/manual_labels/front_20260221T110059/images/train/front_20260221T110059_f0000736.png,/Volumes/Data/Bareket/experiments/reptilearn4/PV82/20260221/block4/videos/manual_labels/front_20260221T110059/labels/train/front_20260221T110059_f0000736.txt
2026-02-23T14:45:47.939074Z,/Volumes/Data/Bareket/experiments/reptilearn4/PV82/20260221/block4/videos/front_20260221T110059.mp4,/Volumes/Data/Bareket/experiments/reptilearn4/PV82/20260221/block4/videos/predictions/front_head_only_resnet_152__front_20260221T110059.parquet,737,737,APPLY_NEXT10,/Volumes/Data/Bareket/experiments/reptilearn4/PV82/20260221/block4/videos/manual_labels/front_20260221T110059/images/train/front_20260221T110059_f0000737.png,/Volumes/Data/Bareket/experiments/reptilearn4/PV82/20260221/block4/videos/manual_labels/front_20260221T110059/labels/train/front_20260221T110059_f0000737.txt
2026-02-23T14:45:52.530466Z,/Volumes/Data/Bareket/experiments/reptilearn4/PV82/20260221/block4/videos/front_20260221T110059.mp4,/Volumes/Data/Bareket/experiments/reptilearn4/PV82/20260221/block4/videos/predictions/front_head_only_resnet_152__front_20260221T110059.parquet,738,738,APPLY_NEXT10,/Volumes/Data/Bareket/experiments/reptilearn4/PV82/20260221/block4/videos/manual_labels/front_20260221T110059/images/train/front_20260221T110059_f0000738.png,/Volumes/Data/Bareket/experiments/reptilearn4/PV82/20260221/block4/videos/manual_labels/front_20260221T110059/labels/train/front_20260221T110059_f0000738.txt
2026-02-23T14:45:57.169222Z,/Volumes/Data/Bareket/experiments/reptilearn4/PV82/20260221/block4/videos/front_20260221T110059.mp4,/Volumes/Data/Bareket/experiments/reptilearn4/PV82/20260221/block4/videos/predictions/front_head_only_resnet_152__front_20260221T110059.parquet,739,739,APPLY_NEXT10,/Volumes/Data/Bareket/experiments/reptilearn4/PV82/20260221/block4/videos/manual_labels/front_20260221T110059/images/train/front_20260221T110059_f0000739.png,/Volumes/Data/Bareket/experiments/reptilearn4/PV82/20260221/block4/videos/manual_labels/front_20260221T110059/labels/train/front_20260221T110059_f0000739.txt
2026-02-23T14:46:02.112531Z,/Volumes/Data/Bareket/experiments/reptilearn4/PV82/20260221/block4/videos/front_20260221T110059.mp4,/Volumes/Data/Bareket/experiments/reptilearn4/PV82/20260221/block4/videos/predictions/front_head_only_resnet_152__front_20260221T110059.parquet,740,740,APPLY_NEXT10,/Volumes/Data/Bareket/experiments/reptilearn4/PV82/20260221/block4/videos/manual_labels/front_20260221T110059/images/train/front_20260221T110059_f0000740.png,/Volumes/Data/Bareket/experiments/reptilearn4/PV82/20260221/block4/videos/manual_labels/front_20260221T110059/labels/train/front_20260221T110059_f0000740.txt
2026-02-23T14:46:07.001882Z,/Volumes/Data/Bareket/experiments/reptilearn4/PV82/20260221/block4/videos/front_20260221T110059.mp4,/Volumes/Data/Bareket/experiments/reptilearn4/PV82/20260221/block4/videos/predictions/front_head_only_resnet_152__front_20260221T110059.parquet,741,741,APPLY_NEXT10,/Volumes/Data/Bareket/experiments/reptilearn4/PV82/20260221/block4/videos/manual_labels/front_20260221T110059/images/train/front_20260221T110059_f0000741.png,/Volumes/Data/Bareket/experiments/reptilearn4/PV82/20260221/block4/videos/manual_labels/front_20260221T110059/labels/train/front_20260221T110059_f0000741.txt
2026-02-23T14:46:11.542136Z,/Volumes/Data/Bareket/experiments/reptilearn4/PV82/20260221/block4/videos/front_20260221T110059.mp4,/Volumes/Data/Bareket/experiments/reptilearn4/PV82/20260221/block4/videos/predictions/front_head_only_resnet_152__front_20260221T110059.parquet,742,742,APPLY_NEXT10,/Volumes/Data/Bareket/experiments/reptilearn4/PV82/20260221/block4/videos/manual_labels/front_20260221T110059/images/train/front_20260221T110059_f0000742.png,/Volumes/Data/Bareket/experiments/reptilearn4/PV82/20260221/block4/videos/manual_labels/front_20260221T110059/labels/train/front_20260221T110059_f0000742.txt
2026-02-23T14:46:16.398211Z,/Volumes/Data/Bareket/experiments/reptilearn4/PV82/20260221/block4/videos/front_20260221T110059.mp4,/Volumes/Data/Bareket/experiments/reptilearn4/PV82/20260221/block4/videos/predictions/front_head_only_resnet_152__front_20260221T110059.parquet,743,743,APPLY_NEXT10,/Volumes/Data/Bareket/experiments/reptilearn4/PV82/20260221/block4/videos/manual_labels/front_20260221T110059/images/train/front_20260221T110059_f0000743.png,/Volumes/Data/Bareket/experiments/reptilearn4/PV82/20260221/block4/videos/manual_labels/front_20260221T110059/labels/train/front_20260221T110059_f0000743.txt
2026-02-23T14:46:21.658821Z,/Volumes/Data/Bareket/experiments/reptilearn4/PV82/20260221/block4/videos/front_20260221T110059.mp4,/Volumes/Data/Bareket/experiments/reptilearn4/PV82/20260221/block4/videos/predictions/front_head_only_resnet_152__front_20260221T110059.parquet,744,744,APPLY_NEXT10,/Volumes/Data/Bareket/experiments/reptilearn4/PV82/20260221/block4/videos/manual_labels/front_20260221T110059/images/train/front_20260221T110059_f0000744.png,/Volumes/Data/Bareket/experiments/reptilearn4/PV82/20260221/block4/videos/manual_labels/front_20260221T110059/labels/train/front_20260221T110059_f0000744.txt
2026-02-23T14:46:26.960216Z,/Volumes/Data/Bareket/experiments/reptilearn4/PV82/20260221/block4/videos/front_20260221T110059.mp4,/Volumes/Data/Bareket/experiments/reptilearn4/PV82/20260221/block4/videos/predictions/front_head_only_resnet_152__front_20260221T110059.parquet,745,745,APPLY_NEXT10,/Volumes/Data/Bareket/experiments/reptilearn4/PV82/20260221/block4/videos/manual_labels/front_20260221T110059/images/train/front_20260221T110059_f0000745.png,/Volumes/Data/Bareket/experiments/reptilearn4/PV82/20260221/block4/videos/manual_labels/front_20260221T110059/labels/train/front_20260221T110059_f0000745.txt
2026-02-23T14:46:32.079276Z,/Volumes/Data/Bareket/experiments/reptilearn4/PV82/20260221/block4/videos/front_20260221T110059.mp4,/Volumes/Data/Bareket/experiments/reptilearn4/PV82/20260221/block4/videos/predictions/front_head_only_resnet_152__front_20260221T110059.parquet,746,746,APPLY_NEXT10,/Volumes/Data/Bareket/experiments/reptilearn4/PV82/20260221/block4/videos/manual_labels/front_20260221T110059/images/train/front_20260221T110059_f0000746.png,/Volumes/Data/Bareket/experiments/reptilearn4/PV82/20260221/block4/videos/manual_labels/front_20260221T110059/labels/train/front_20260221T110059_f0000746.txt
2026-02-23T14:46:36.702080Z,/Volumes/Data/Bareket/experiments/reptilearn4/PV82/20260221/block4/videos/front_20260221T110059.mp4,/Volumes/Data/Bareket/experiments/reptilearn4/PV82/20260221/block4/videos/predictions/front_head_only_resnet_152__front_20260221T110059.parquet,747,747,APPLY_NEXT10,/Volumes/Data/Bareket/experiments/reptilearn4/PV82/20260221/block4/videos/manual_labels/front_20260221T110059/images/train/front_20260221T110059_f0000747.png,/Volumes/Data/Bareket/experiments/reptilearn4/PV82/20260221/block4/videos/manual_labels/front_20260221T110059/labels/train/front_20260221T110059_f0000747.txt
2026-02-23T14:46:42.302140Z,/Volumes/Data/Bareket/experiments/reptilearn4/PV82/20260221/block4/videos/front_20260221T110059.mp4,/Volumes/Data/Bareket/experiments/reptilearn4/PV82/20260221/block4/videos/predictions/front_head_only_resnet_152__front_20260221T110059.parquet,748,748,APPLY_NEXT10,/Volumes/Data/Bareket/experiments/reptilearn4/PV82/20260221/block4/videos/manual_labels/front_20260221T110059/images/train/front_20260221T110059_f0000748.png,/Volumes/Data/Bareket/experiments/reptilearn4/PV82/20260221/block4/videos/manual_labels/front_20260221T110059/labels/train/front_20260221T110059_f0000748.txt
2026-02-23T14:46:47.079733Z,/Volumes/Data/Bareket/experiments/reptilearn4/PV82/20260221/block4/videos/front_20260221T110059.mp4,/Volumes/Data/Bareket/experiments/reptilearn4/PV82/20260221/block4/videos/predictions/front_head_only_resnet_152__front_20260221T110059.parquet,749,749,APPLY_NEXT10,/Volumes/Data/Bareket/experiments/reptilearn4/PV82/20260221/block4/videos/manual_labels/front_20260221T110059/images/train/front_20260221T110059_f0000749.png,/Volumes/Data/Bareket/experiments/reptilearn4/PV82/20260221/block4/videos/manual_labels/front_20260221T110059/labels/train/front_20260221T110059_f0000749.txt
2026-02-23T14:46:51.341117Z,/Volumes/Data/Bareket/experiments/reptilearn4/PV82/20260221/block4/videos/front_20260221T110059.mp4,/Volumes/Data/Bareket/experiments/reptilearn4/PV82/20260221/block4/videos/predictions/front_head_only_resnet_152__front_20260221T110059.parquet,780,780,APPLY_NEXT10,/Volumes/Data/Bareket/experiments/reptilearn4/PV82/20260221/block4/videos/manual_labels/front_20260221T110059/images/train/front_20260221T110059_f0000780.png,/Volumes/Data/Bareket/experiments/reptilearn4/PV82/20260221/block4/videos/manual_labels/front_20260221T110059/labels/train/front_20260221T110059_f0000780.txt
2026-02-23T14:46:55.949549Z,/Volumes/Data/Bareket/experiments/reptilearn4/PV82/20260221/block4/videos/front_20260221T110059.mp4,/Volumes/Data/Bareket/experiments/reptilearn4/PV82/20260221/block4/videos/predictions/front_head_only_resnet_152__front_20260221T110059.parquet,781,781,APPLY_NEXT10,/Volumes/Data/Bareket/experiments/reptilearn4/PV82/20260221/block4/videos/manual_labels/front_20260221T110059/images/train/front_20260221T110059_f0000781.png,/Volumes/Data/Bareket/experiments/reptilearn4/PV82/20260221/block4/videos/manual_labels/front_20260221T110059/labels/train/front_20260221T110059_f0000781.txt
2026-02-23T14:47:02.306386Z,/Volumes/Data/Bareket/experiments/reptilearn4/PV82/20260221/block4/videos/front_20260221T110059.mp4,/Volumes/Data/Bareket/experiments/reptilearn4/PV82/20260221/block4/videos/predictions/front_head_only_resnet_152__front_20260221T110059.parquet,782,782,APPLY_NEXT10,/Volumes/Data/Bareket/experiments/reptilearn4/PV82/20260221/block4/videos/manual_labels/front_20260221T110059/images/train/front_20260221T110059_f0000782.png,/Volumes/Data/Bareket/experiments/reptilearn4/PV82/20260221/block4/videos/manual_labels/front_20260221T110059/labels/train/front_20260221T110059_f0000782.txt
2026-02-23T14:47:07.855979Z,/Volumes/Data/Bareket/experiments/reptilearn4/PV82/20260221/block4/videos/front_20260221T110059.mp4,/Volumes/Data/Bareket/experiments/reptilearn4/PV82/20260221/block4/videos/predictions/front_head_only_resnet_152__front_20260221T110059.parquet,783,783,APPLY_NEXT10,/Volumes/Data/Bareket/experiments/reptilearn4/PV82/20260221/block4/videos/manual_labels/front_20260221T110059/images/train/front_20260221T110059_f0000783.png,/Volumes/Data/Bareket/experiments/reptilearn4/PV82/20260221/block4/videos/manual_labels/front_20260221T110059/labels/train/front_20260221T110059_f0000783.txt
2026-02-23T14:47:12.129025Z,/Volumes/Data/Bareket/experiments/reptilearn4/PV82/20260221/block4/videos/front_20260221T110059.mp4,/Volumes/Data/Bareket/experiments/reptilearn4/PV82/20260221/block4/videos/predictions/front_head_only_resnet_152__front_20260221T110059.parquet,784,784,APPLY_NEXT10,/Volumes/Data/Bareket/experiments/reptilearn4/PV82/20260221/block4/videos/manual_labels/front_20260221T110059/images/train/front_20260221T110059_f0000784.png,/Volumes/Data/Bareket/experiments/reptilearn4/PV82/20260221/block4/videos/manual_labels/front_20260221T110059/labels/train/front_20260221T110059_f0000784.txt
2026-02-23T14:47:16.455672Z,/Volumes/Data/Bareket/experiments/reptilearn4/PV82/20260221/block4/videos/front_20260221T110059.mp4,/Volumes/Data/Bareket/experiments/reptilearn4/PV82/20260221/block4/videos/predictions/front_head_only_resnet_152__front_20260221T110059.parquet,785,785,APPLY_NEXT10|nose_cam,/Volumes/Data/Bareket/experiments/reptilearn4/PV82/20260221/block4/videos/manual_labels/front_20260221T110059/images/train/front_20260221T110059_f0000785.png,/Volumes/Data/Bareket/experiments/reptilearn4/PV82/20260221/block4/videos/manual_labels/front_20260221T110059/labels/train/front_20260221T110059_f0000785.txt
2026-02-23T14:47:21.419270Z,/Volumes/Data/Bareket/experiments/reptilearn4/PV82/20260221/block4/videos/front_20260221T110059.mp4,/Volumes/Data/Bareket/experiments/reptilearn4/PV82/20260221/block4/videos/predictions/front_head_only_resnet_152__front_20260221T110059.parquet,786,786,APPLY_NEXT10|left_ear_cam|mid_ears_cam|nose_cam|right_ear_cam,/Volumes/Data/Bareket/experiments/reptilearn4/PV82/20260221/block4/videos/manual_labels/front_20260221T110059/images/train/front_20260221T110059_f0000786.png,/Volumes/Data/Bareket/experiments/reptilearn4/PV82/20260221/block4/videos/manual_labels/front_20260221T110059/labels/train/front_20260221T110059_f0000786.txt
2026-02-23T14:47:26.240980Z,/Volumes/Data/Bareket/experiments/reptilearn4/PV82/20260221/block4/videos/front_20260221T110059.mp4,/Volumes/Data/Bareket/experiments/reptilearn4/PV82/20260221/block4/videos/predictions/front_head_only_resnet_152__front_20260221T110059.parquet,787,787,APPLY_NEXT10|APPLY_PREV,/Volumes/Data/Bareket/experiments/reptilearn4/PV82/20260221/block4/videos/manual_labels/front_20260221T110059/images/train/front_20260221T110059_f0000787.png,/Volumes/Data/Bareket/experiments/reptilearn4/PV82/20260221/block4/videos/manual_labels/front_20260221T110059/labels/train/front_20260221T110059_f0000787.txt
2026-02-23T14:47:32.908626Z,/Volumes/Data/Bareket/experiments/reptilearn4/PV82/20260221/block4/videos/front_20260221T110059.mp4,/Volumes/Data/Bareket/experiments/reptilearn4/PV82/20260221/block4/videos/predictions/front_head_only_resnet_152__front_20260221T110059.parquet,788,788,APPLY_NEXT10|APPLY_PREV,/Volumes/Data/Bareket/experiments/reptilearn4/PV82/20260221/block4/videos/manual_labels/front_20260221T110059/images/train/front_20260221T110059_f0000788.png,/Volumes/Data/Bareket/experiments/reptilearn4/PV82/20260221/block4/videos/manual_labels/front_20260221T110059/labels/train/front_20260221T110059_f0000788.txt
2026-02-23T14:47:37.408935Z,/Volumes/Data/Bareket/experiments/reptilearn4/PV82/20260221/block4/videos/front_20260221T110059.mp4,/Volumes/Data/Bareket/experiments/reptilearn4/PV82/20260221/block4/videos/predictions/front_head_only_resnet_152__front_20260221T110059.parquet,789,789,APPLY_NEXT10|APPLY_PREV|nose_cam,/Volumes/Data/Bareket/experiments/reptilearn4/PV82/20260221/block4/videos/manual_labels/front_20260221T110059/images/train/front_20260221T110059_f0000789.png,/Volumes/Data/Bareket/experiments/reptilearn4/PV82/20260221/block4/videos/manual_labels/front_20260221T110059/labels/train/front_20260221T110059_f0000789.txt
2026-02-23T14:47:42.226925Z,/Volumes/Data/Bareket/experiments/reptilearn4/PV82/20260221/block4/videos/front_20260221T110059.mp4,/Volumes/Data/Bareket/experiments/reptilearn4/PV82/20260221/block4/videos/predictions/front_head_only_resnet_152__front_20260221T110059.parquet,790,790,APPLY_NEXT10|APPLY_PREV,/Volumes/Data/Bareket/experiments/reptilearn4/PV82/20260221/block4/videos/manual_labels/front_20260221T110059/images/train/front_20260221T110059_f0000790.png,/Volumes/Data/Bareket/experiments/reptilearn4/PV82/20260221/block4/videos/manual_labels/front_20260221T110059/labels/train/front_20260221T110059_f0000790.txt
2026-02-23T14:47:47.078946Z,/Volumes/Data/Bareket/experiments/reptilearn4/PV82/20260221/block4/videos/front_20260221T110059.mp4,/Volumes/Data/Bareket/experiments/reptilearn4/PV82/20260221/block4/videos/predictions/front_head_only_resnet_152__front_20260221T110059.parquet,791,791,APPLY_NEXT10|APPLY_PREV,/Volumes/Data/Bareket/experiments/reptilearn4/PV82/20260221/block4/videos/manual_labels/front_20260221T110059/images/train/front_20260221T110059_f0000791.png,/Volumes/Data/Bareket/experiments/reptilearn4/PV82/20260221/block4/videos/manual_labels/front_20260221T110059/labels/train/front_20260221T110059_f0000791.txt
2026-02-23T14:47:51.954969Z,/Volumes/Data/Bareket/experiments/reptilearn4/PV82/20260221/block4/videos/front_20260221T110059.mp4,/Volumes/Data/Bareket/experiments/reptilearn4/PV82/20260221/block4/videos/predictions/front_head_only_resnet_152__front_20260221T110059.parquet,792,792,APPLY_NEXT10|APPLY_PREV|left_ear_cam|mid_ears_cam|nose_cam|right_ear_cam,/Volumes/Data/Bareket/experiments/reptilearn4/PV82/20260221/block4/videos/manual_labels/front_20260221T110059/images/train/front_20260221T110059_f0000792.png,/Volumes/Data/Bareket/experiments/reptilearn4/PV82/20260221/block4/videos/manual_labels/front_20260221T110059/labels/train/front_20260221T110059_f0000792.txt
2026-02-23T14:47:56.505099Z,/Volumes/Data/Bareket/experiments/reptilearn4/PV82/20260221/block4/videos/front_20260221T110059.mp4,/Volumes/Data/Bareket/experiments/reptilearn4/PV82/20260221/block4/videos/predictions/front_head_only_resnet_152__front_20260221T110059.parquet,793,793,APPLY_NEXT10|APPLY_PREV,/Volumes/Data/Bareket/experiments/reptilearn4/PV82/20260221/block4/videos/manual_labels/front_20260221T110059/images/train/front_20260221T110059_f0000793.png,/Volumes/Data/Bareket/experiments/reptilearn4/PV82/20260221/block4/videos/manual_labels/front_20260221T110059/labels/train/front_20260221T110059_f0000793.txt
2026-02-23T14:48:01.055070Z,/Volumes/Data/Bareket/experiments/reptilearn4/PV82/20260221/block4/videos/front_20260221T110059.mp4,/Volumes/Data/Bareket/experiments/reptilearn4/PV82/20260221/block4/videos/predictions/front_head_only_resnet_152__front_20260221T110059.parquet,794,794,APPLY_NEXT10|APPLY_PREV|left_ear_cam|mid_ears_cam|right_ear_cam,/Volumes/Data/Bareket/experiments/reptilearn4/PV82/20260221/block4/videos/manual_labels/front_20260221T110059/images/train/front_20260221T110059_f0000794.png,/Volumes/Data/Bareket/experiments/reptilearn4/PV82/20260221/block4/videos/manual_labels/front_20260221T110059/labels/train/front_20260221T110059_f0000794.txt
2026-02-23T14:48:05.337500Z,/Volumes/Data/Bareket/experiments/reptilearn4/PV82/20260221/block4/videos/front_20260221T110059.mp4,/Volumes/Data/Bareket/experiments/reptilearn4/PV82/20260221/block4/videos/predictions/front_head_only_resnet_152__front_20260221T110059.parquet,795,795,APPLY_NEXT10|nose_cam,/Volumes/Data/Bareket/experiments/reptilearn4/PV82/20260221/block4/videos/manual_labels/front_20260221T110059/images/train/front_20260221T110059_f0000795.png,/Volumes/Data/Bareket/experiments/reptilearn4/PV82/20260221/block4/videos/manual_labels/front_20260221T110059/labels/train/front_20260221T110059_f0000795.txt
2026-02-23T14:48:09.368944Z,/Volumes/Data/Bareket/experiments/reptilearn4/PV82/20260221/block4/videos/front_20260221T110059.mp4,/Volumes/Data/Bareket/experiments/reptilearn4/PV82/20260221/block4/videos/predictions/front_head_only_resnet_152__front_20260221T110059.parquet,796,796,APPLY_NEXT10,/Volumes/Data/Bareket/experiments/reptilearn4/PV82/20260221/block4/videos/manual_labels/front_20260221T110059/images/train/front_20260221T110059_f0000796.png,/Volumes/Data/Bareket/experiments/reptilearn4/PV82/20260221/block4/videos/manual_labels/front_20260221T110059/labels/train/front_20260221T110059_f0000796.txt
2026-02-23T14:48:14.106885Z,/Volumes/Data/Bareket/experiments/reptilearn4/PV82/20260221/block4/videos/front_20260221T110059.mp4,/Volumes/Data/Bareket/experiments/reptilearn4/PV82/20260221/block4/videos/predictions/front_head_only_resnet_152__front_20260221T110059.parquet,797,797,APPLY_NEXT10|left_ear_cam|mid_ears_cam|nose_cam|right_ear_cam,/Volumes/Data/Bareket/experiments/reptilearn4/PV82/20260221/block4/videos/manual_labels/front_20260221T110059/images/train/front_20260221T110059_f0000797.png,/Volumes/Data/Bareket/experiments/reptilearn4/PV82/20260221/block4/videos/manual_labels/front_20260221T110059/labels/train/front_20260221T110059_f0000797.txt
2026-02-23T14:48:18.711063Z,/Volumes/Data/Bareket/experiments/reptilearn4/PV82/20260221/block4/videos/front_20260221T110059.mp4,/Volumes/Data/Bareket/experiments/reptilearn4/PV82/20260221/block4/videos/predictions/front_head_only_resnet_152__front_20260221T110059.parquet,798,798,APPLY_NEXT10|APPLY_PREV|nose_cam|right_ear_cam,/Volumes/Data/Bareket/experiments/reptilearn4/PV82/20260221/block4/videos/manual_labels/front_20260221T110059/images/train/front_20260221T110059_f0000798.png,/Volumes/Data/Bareket/experiments/reptilearn4/PV82/20260221/block4/videos/manual_labels/front_20260221T110059/labels/train/front_20260221T110059_f0000798.txt
2026-02-23T14:48:23.058197Z,/Volumes/Data/Bareket/experiments/reptilearn4/PV82/20260221/block4/videos/front_20260221T110059.mp4,/Volumes/Data/Bareket/experiments/reptilearn4/PV82/20260221/block4/videos/predictions/front_head_only_resnet_152__front_20260221T110059.parquet,799,799,APPLY_NEXT10|APPLY_PREV|left_ear_cam|mid_ears_cam|nose_cam|right_ear_cam,/Volumes/Data/Bareket/experiments/reptilearn4/PV82/20260221/block4/videos/manual_labels/front_20260221T110059/images/train/front_20260221T110059_f0000799.png,/Volumes/Data/Bareket/experiments/reptilearn4/PV82/20260221/block4/videos/manual_labels/front_20260221T110059/labels/train/front_20260221T110059_f0000799.txt
2026-02-23T14:48:28.057953Z,/Volumes/Data/Bareket/experiments/reptilearn4/PV82/20260221/block4/videos/front_20260221T110059.mp4,/Volumes/Data/Bareket/experiments/reptilearn4/PV82/20260221/block4/videos/predictions/front_head_only_resnet_152__front_20260221T110059.parquet,800,800,APPLY_NEXT10|APPLY_PREV,/Volumes/Data/Bareket/experiments/reptilearn4/PV82/20260221/block4/videos/manual_labels/front_20260221T110059/images/train/front_20260221T110059_f0000800.png,/Volumes/Data/Bareket/experiments/reptilearn4/PV82/20260221/block4/videos/manual_labels/front_20260221T110059/labels/train/front_20260221T110059_f0000800.txt
2026-02-23T14:48:32.869856Z,/Volumes/Data/Bareket/experiments/reptilearn4/PV82/20260221/block4/videos/front_20260221T110059.mp4,/Volumes/Data/Bareket/experiments/reptilearn4/PV82/20260221/block4/videos/predictions/front_head_only_resnet_152__front_20260221T110059.parquet,801,801,APPLY_NEXT10|APPLY_PREV|left_ear_cam|mid_ears_cam|nose_cam|right_ear_cam,/Volumes/Data/Bareket/experiments/reptilearn4/PV82/20260221/block4/videos/manual_labels/front_20260221T110059/images/train/front_20260221T110059_f0000801.png,/Volumes/Data/Bareket/experiments/reptilearn4/PV82/20260221/block4/videos/manual_labels/front_20260221T110059/labels/train/front_20260221T110059_f0000801.txt
2026-02-23T14:48:37.130514Z,/Volumes/Data/Bareket/experiments/reptilearn4/PV82/20260221/block4/videos/front_20260221T110059.mp4,/Volumes/Data/Bareket/experiments/reptilearn4/PV82/20260221/block4/videos/predictions/front_head_only_resnet_152__front_20260221T110059.parquet,802,802,APPLY_NEXT10|APPLY_PREV,/Volumes/Data/Bareket/experiments/reptilearn4/PV82/20260221/block4/videos/manual_labels/front_20260221T110059/images/train/front_20260221T110059_f0000802.png,/Volumes/Data/Bareket/experiments/reptilearn4/PV82/20260221/block4/videos/manual_labels/front_20260221T110059/labels/train/front_20260221T110059_f0000802.txt
2026-02-23T14:48:41.419161Z,/Volumes/Data/Bareket/experiments/reptilearn4/PV82/20260221/block4/videos/front_20260221T110059.mp4,/Volumes/Data/Bareket/experiments/reptilearn4/PV82/20260221/block4/videos/predictions/front_head_only_resnet_152__front_20260221T110059.parquet,803,803,APPLY_NEXT10|APPLY_PREV,/Volumes/Data/Bareket/experiments/reptilearn4/PV82/20260221/block4/videos/manual_labels/front_20260221T110059/images/train/front_20260221T110059_f0000803.png,/Volumes/Data/Bareket/experiments/reptilearn4/PV82/20260221/block4/videos/manual_labels/front_20260221T110059/labels/train/front_20260221T110059_f0000803.txt
2026-02-23T14:48:46.628002Z,/Volumes/Data/Bareket/experiments/reptilearn4/PV82/20260221/block4/videos/front_20260221T110059.mp4,/Volumes/Data/Bareket/experiments/reptilearn4/PV82/20260221/block4/videos/predictions/front_head_only_resnet_152__front_20260221T110059.parquet,804,804,APPLY_NEXT10|APPLY_PREV|left_ear_cam|mid_ears_cam|nose_cam|right_ear_cam,/Volumes/Data/Bareket/experiments/reptilearn4/PV82/20260221/block4/videos/manual_labels/front_20260221T110059/images/train/front_20260221T110059_f0000804.png,/Volumes/Data/Bareket/experiments/reptilearn4/PV82/20260221/block4/videos/manual_labels/front_20260221T110059/labels/train/front_20260221T110059_f0000804.txt
2026-02-23T14:48:51.637980Z,/Volumes/Data/Bareket/experiments/reptilearn4/PV82/20260221/block4/videos/front_20260221T110059.mp4,/Volumes/Data/Bareket/experiments/reptilearn4/PV82/20260221/block4/videos/predictions/front_head_only_resnet_152__front_20260221T110059.parquet,935,935,left_ear_cam|mid_ears_cam|nose_cam,/Volumes/Data/Bareket/experiments/reptilearn4/PV82/20260221/block4/videos/manual_labels/front_20260221T110059/images/train/front_20260221T110059_f0000935.png,/Volumes/Data/Bareket/experiments/reptilearn4/PV82/20260221/block4/videos/manual_labels/front_20260221T110059/labels/train/front_20260221T110059_f0000935.txt
2026-02-23T14:48:56.139097Z,/Volumes/Data/Bareket/experiments/reptilearn4/PV82/20260221/block4/videos/front_20260221T110059.mp4,/Volumes/Data/Bareket/experiments/reptilearn4/PV82/20260221/block4/videos/predictions/front_head_only_resnet_152__front_20260221T110059.parquet,936,936,APPLY_PREV,/Volumes/Data/Bareket/experiments/reptilearn4/PV82/20260221/block4/videos/manual_labels/front_20260221T110059/images/train/front_20260221T110059_f0000936.png,/Volumes/Data/Bareket/experiments/reptilearn4/PV82/20260221/block4/videos/manual_labels/front_20260221T110059/labels/train/front_20260221T110059_f0000936.txt
2026-02-23T14:49:00.517794Z,/Volumes/Data/Bareket/experiments/reptilearn4/PV82/20260221/block4/videos/front_20260221T110059.mp4,/Volumes/Data/Bareket/experiments/reptilearn4/PV82/20260221/block4/videos/predictions/front_head_only_resnet_152__front_20260221T110059.parquet,937,937,APPLY_PREV|left_ear_cam|mid_ears_cam|nose_cam|right_ear_cam,/Volumes/Data/Bareket/experiments/reptilearn4/PV82/20260221/block4/videos/manual_labels/front_20260221T110059/images/train/front_20260221T110059_f0000937.png,/Volumes/Data/Bareket/experiments/reptilearn4/PV82/20260221/block4/videos/manual_labels/front_20260221T110059/labels/train/front_20260221T110059_f0000937.txt
2026-02-23T14:49:04.611516Z,/Volumes/Data/Bareket/experiments/reptilearn4/PV82/20260221/block4/videos/front_20260221T110059.mp4,/Volumes/Data/Bareket/experiments/reptilearn4/PV82/20260221/block4/videos/predictions/front_head_only_resnet_152__front_20260221T110059.parquet,938,938,left_ear_cam|mid_ears_cam|nose_cam|right_ear_cam,/Volumes/Data/Bareket/experiments/reptilearn4/PV82/20260221/block4/videos/manual_labels/front_20260221T110059/images/train/front_20260221T110059_f0000938.png,/Volumes/Data/Bareket/experiments/reptilearn4/PV82/20260221/block4/videos/manual_labels/front_20260221T110059/labels/train/front_20260221T110059_f0000938.txt
2026-02-23T14:49:09.515308Z,/Volumes/Data/Bareket/experiments/reptilearn4/PV82/20260221/block4/videos/front_20260221T110059.mp4,/Volumes/Data/Bareket/experiments/reptilearn4/PV82/20260221/block4/videos/predictions/front_head_only_resnet_152__front_20260221T110059.parquet,1895,1895,left_ear_cam|mid_ears_cam|right_ear_cam,/Volumes/Data/Bareket/experiments/reptilearn4/PV82/20260221/block4/videos/manual_labels/front_20260221T110059/images/train/front_20260221T110059_f0001895.png,/Volumes/Data/Bareket/experiments/reptilearn4/PV82/20260221/block4/videos/manual_labels/front_20260221T110059/labels/train/front_20260221T110059_f0001895.txt
2026-02-23T14:49:13.601760Z,/Volumes/Data/Bareket/experiments/reptilearn4/PV82/20260221/block4/videos/front_20260221T110059.mp4,/Volumes/Data/Bareket/experiments/reptilearn4/PV82/20260221/block4/videos/predictions/front_head_only_resnet_152__front_20260221T110059.parquet,1896,1896,APPLY_PREV,/Volumes/Data/Bareket/experiments/reptilearn4/PV82/20260221/block4/videos/manual_labels/front_20260221T110059/images/train/front_20260221T110059_f0001896.png,/Volumes/Data/Bareket/experiments/reptilearn4/PV82/20260221/block4/videos/manual_labels/front_20260221T110059/labels/train/front_20260221T110059_f0001896.txt
2026-02-23T14:49:17.633881Z,/Volumes/Data/Bareket/experiments/reptilearn4/PV82/20260221/block4/videos/front_20260221T110059.mp4,/Volumes/Data/Bareket/experiments/reptilearn4/PV82/20260221/block4/videos/predictions/front_head_only_resnet_152__front_20260221T110059.parquet,1903,1903,APPLY_PREV,/Volumes/Data/Bareket/experiments/reptilearn4/PV82/20260221/block4/videos/manual_labels/front_20260221T110059/images/train/front_20260221T110059_f0001903.png,/Volumes/Data/Bareket/experiments/reptilearn4/PV82/20260221/block4/videos/manual_labels/front_20260221T110059/labels/train/front_20260221T110059_f0001903.txt
2026-02-23T14:49:21.687626Z,/Volumes/Data/Bareket/experiments/reptilearn4/PV82/20260221/block4/videos/front_20260221T110059.mp4,/Volumes/Data/Bareket/experiments/reptilearn4/PV82/20260221/block4/videos/predictions/front_head_only_resnet_152__front_20260221T110059.parquet,1914,1914,left_ear_cam|mid_ears_cam|nose_cam|right_ear_cam,/Volumes/Data/Bareket/experiments/reptilearn4/PV82/20260221/block4/videos/manual_labels/front_20260221T110059/images/train/front_20260221T110059_f0001914.png,/Volumes/Data/Bareket/experiments/reptilearn4/PV82/20260221/block4/videos/manual_labels/front_20260221T110059/labels/train/front_20260221T110059_f0001914.txt
2026-02-23T14:49:26.240029Z,/Volumes/Data/Bareket/experiments/reptilearn4/PV82/20260221/block4/videos/front_20260221T110059.mp4,/Volumes/Data/Bareket/experiments/reptilearn4/PV82/20260221/block4/videos/predictions/front_head_only_resnet_152__front_20260221T110059.parquet,1915,1915,APPLY_PREV|left_ear_cam|mid_ears_cam|nose_cam|right_ear_cam,/Volumes/Data/Bareket/experiments/reptilearn4/PV82/20260221/block4/videos/manual_labels/front_20260221T110059/images/train/front_20260221T110059_f0001915.png,/Volumes/Data/Bareket/experiments/reptilearn4/PV82/20260221/block4/videos/manual_labels/front_20260221T110059/labels/train/front_20260221T110059_f0001915.txt
2026-02-23T14:49:30.526435Z,/Volumes/Data/Bareket/experiments/reptilearn4/PV82/20260221/block4/videos/front_20260221T110059.mp4,/Volumes/Data/Bareket/experiments/reptilearn4/PV82/20260221/block4/videos/predictions/front_head_only_resnet_152__front_20260221T110059.parquet,1916,1916,APPLY_PREV|left_ear_cam|mid_ears_cam|nose_cam|right_ear_cam,/Volumes/Data/Bareket/experiments/reptilearn4/PV82/20260221/block4/videos/manual_labels/front_20260221T110059/images/train/front_20260221T110059_f0001916.png,/Volumes/Data/Bareket/experiments/reptilearn4/PV82/20260221/block4/videos/manual_labels/front_20260221T110059/labels/train/front_20260221T110059_f0001916.txt
2026-02-23T14:49:37.449040Z,/Volumes/Data/Bareket/experiments/reptilearn4/PV82/20260221/block4/videos/front_20260221T110059.mp4,/Volumes/Data/Bareket/experiments/reptilearn4/PV82/20260221/block4/videos/predictions/front_head_only_resnet_152__front_20260221T110059.parquet,1917,1917,APPLY_PREV|left_ear_cam|mid_ears_cam|nose_cam|right_ear_cam,/Volumes/Data/Bareket/experiments/reptilearn4/PV82/20260221/block4/videos/manual_labels/front_20260221T110059/images/train/front_20260221T110059_f0001917.png,/Volumes/Data/Bareket/experiments/reptilearn4/PV82/20260221/block4/videos/manual_labels/front_20260221T110059/labels/train/front_20260221T110059_f0001917.txt
2026-02-23T14:49:42.479217Z,/Volumes/Data/Bareket/experiments/reptilearn4/PV82/20260221/block4/videos/front_20260221T110059.mp4,/Volumes/Data/Bareket/experiments/reptilearn4/PV82/20260221/block4/videos/predictions/front_head_only_resnet_152__front_20260221T110059.parquet,1918,1918,APPLY_PREV,/Volumes/Data/Bareket/experiments/reptilearn4/PV82/20260221/block4/videos/manual_labels/front_20260221T110059/images/train/front_20260221T110059_f0001918.png,/Volumes/Data/Bareket/experiments/reptilearn4/PV82/20260221/block4/videos/manual_labels/front_20260221T110059/labels/train/front_20260221T110059_f0001918.txt
2026-02-23T14:49:47.582540Z,/Volumes/Data/Bareket/experiments/reptilearn4/PV82/20260221/block4/videos/front_20260221T110059.mp4,/Volumes/Data/Bareket/experiments/reptilearn4/PV82/20260221/block4/videos/predictions/front_head_only_resnet_152__front_20260221T110059.parquet,1919,1919,APPLY_NEXT10|left_ear_cam|mid_ears_cam|nose_cam|right_ear_cam,/Volumes/Data/Bareket/experiments/reptilearn4/PV82/20260221/block4/videos/manual_labels/front_20260221T110059/images/train/front_20260221T110059_f0001919.png,/Volumes/Data/Bareket/experiments/reptilearn4/PV82/20260221/block4/videos/manual_labels/front_20260221T110059/labels/train/front_20260221T110059_f0001919.txt
2026-02-23T14:49:52.189833Z,/Volumes/Data/Bareket/experiments/reptilearn4/PV82/20260221/block4/videos/front_20260221T110059.mp4,/Volumes/Data/Bareket/experiments/reptilearn4/PV82/20260221/block4/videos/predictions/front_head_only_resnet_152__front_20260221T110059.parquet,1920,1920,APPLY_NEXT10|left_ear_cam|mid_ears_cam|nose_cam|right_ear_cam,/Volumes/Data/Bareket/experiments/reptilearn4/PV82/20260221/block4/videos/manual_labels/front_20260221T110059/images/train/front_20260221T110059_f0001920.png,/Volumes/Data/Bareket/experiments/reptilearn4/PV82/20260221/block4/videos/manual_labels/front_20260221T110059/labels/train/front_20260221T110059_f0001920.txt
2026-02-23T14:49:57.355881Z,/Volumes/Data/Bareket/experiments/reptilearn4/PV82/20260221/block4/videos/front_20260221T110059.mp4,/Volumes/Data/Bareket/experiments/reptilearn4/PV82/20260221/block4/videos/predictions/front_head_only_resnet_152__front_20260221T110059.parquet,1921,1921,APPLY_NEXT10|left_ear_cam|mid_ears_cam|nose_cam|right_ear_cam,/Volumes/Data/Bareket/experiments/reptilearn4/PV82/20260221/block4/videos/manual_labels/front_20260221T110059/images/train/front_20260221T110059_f0001921.png,/Volumes/Data/Bareket/experiments/reptilearn4/PV82/20260221/block4/videos/manual_labels/front_20260221T110059/labels/train/front_20260221T110059_f0001921.txt
2026-02-23T14:50:02.960870Z,/Volumes/Data/Bareket/experiments/reptilearn4/PV82/20260221/block4/videos/front_20260221T110059.mp4,/Volumes/Data/Bareket/experiments/reptilearn4/PV82/20260221/block4/videos/predictions/front_head_only_resnet_152__front_20260221T110059.parquet,1922,1922,APPLY_NEXT10|APPLY_PREV,/Volumes/Data/Bareket/experiments/reptilearn4/PV82/20260221/block4/videos/manual_labels/front_20260221T110059/images/train/front_20260221T110059_f0001922.png,/Volumes/Data/Bareket/experiments/reptilearn4/PV82/20260221/block4/videos/manual_labels/front_20260221T110059/labels/train/front_20260221T110059_f0001922.txt
2026-02-23T14:50:08.120964Z,/Volumes/Data/Bareket/experiments/reptilearn4/PV82/20260221/block4/videos/front_20260221T110059.mp4,/Volumes/Data/Bareket/experiments/reptilearn4/PV82/20260221/block4/videos/predictions/front_head_only_resnet_152__front_20260221T110059.parquet,1923,1923,APPLY_NEXT10|APPLY_PREV|left_ear_cam|mid_ears_cam|nose_cam|right_ear_cam,/Volumes/Data/Bareket/experiments/reptilearn4/PV82/20260221/block4/videos/manual_labels/front_20260221T110059/images/train/front_20260221T110059_f0001923.png,/Volumes/Data/Bareket/experiments/reptilearn4/PV82/20260221/block4/videos/manual_labels/front_20260221T110059/labels/train/front_20260221T110059_f0001923.txt
2026-02-23T14:50:12.797902Z,/Volumes/Data/Bareket/experiments/reptilearn4/PV82/20260221/block4/videos/front_20260221T110059.mp4,/Volumes/Data/Bareket/experiments/reptilearn4/PV82/20260221/block4/videos/predictions/front_head_only_resnet_152__front_20260221T110059.parquet,1924,1924,APPLY_NEXT10|APPLY_PREV|nose_cam|right_ear_cam,/Volumes/Data/Bareket/experiments/reptilearn4/PV82/20260221/block4/videos/manual_labels/front_20260221T110059/images/train/front_20260221T110059_f0001924.png,/Volumes/Data/Bareket/experiments/reptilearn4/PV82/20260221/block4/videos/manual_labels/front_20260221T110059/labels/train/front_20260221T110059_f0001924.txt
2026-02-23T14:50:18.240022Z,/Volumes/Data/Bareket/experiments/reptilearn4/PV82/20260221/block4/videos/front_20260221T110059.mp4,/Volumes/Data/Bareket/experiments/reptilearn4/PV82/20260221/block4/videos/predictions/front_head_only_resnet_152__front_20260221T110059.parquet,1925,1925,APPLY_NEXT10|left_ear_cam|mid_ears_cam|nose_cam|right_ear_cam,/Volumes/Data/Bareket/experiments/reptilearn4/PV82/20260221/block4/videos/manual_labels/front_20260221T110059/images/train/front_20260221T110059_f0001925.png,/Volumes/Data/Bareket/experiments/reptilearn4/PV82/20260221/block4/videos/manual_labels/front_20260221T110059/labels/train/front_20260221T110059_f0001925.txt
2026-02-23T14:50:22.899919Z,/Volumes/Data/Bareket/experiments/reptilearn4/PV82/20260221/block4/videos/front_20260221T110059.mp4,/Volumes/Data/Bareket/experiments/reptilearn4/PV82/20260221/block4/videos/predictions/front_head_only_resnet_152__front_20260221T110059.parquet,1926,1926,APPLY_NEXT10|APPLY_PREV,/Volumes/Data/Bareket/experiments/reptilearn4/PV82/20260221/block4/videos/manual_labels/front_20260221T110059/images/train/front_20260221T110059_f0001926.png,/Volumes/Data/Bareket/experiments/reptilearn4/PV82/20260221/block4/videos/manual_labels/front_20260221T110059/labels/train/front_20260221T110059_f0001926.txt
2026-02-23T14:50:27.159993Z,/Volumes/Data/Bareket/experiments/reptilearn4/PV82/20260221/block4/videos/front_20260221T110059.mp4,/Volumes/Data/Bareket/experiments/reptilearn4/PV82/20260221/block4/videos/predictions/front_head_only_resnet_152__front_20260221T110059.parquet,1927,1927,APPLY_NEXT10|APPLY_PREV|left_ear_cam|mid_ears_cam|nose_cam|right_ear_cam,/Volumes/Data/Bareket/experiments/reptilearn4/PV82/20260221/block4/videos/manual_labels/front_20260221T110059/images/train/front_20260221T110059_f0001927.png,/Volumes/Data/Bareket/experiments/reptilearn4/PV82/20260221/block4/videos/manual_labels/front_20260221T110059/labels/train/front_20260221T110059_f0001927.txt
2026-02-23T14:50:32.272832Z,/Volumes/Data/Bareket/experiments/reptilearn4/PV82/20260221/block4/videos/front_20260221T110059.mp4,/Volumes/Data/Bareket/experiments/reptilearn4/PV82/20260221/block4/videos/predictions/front_head_only_resnet_152__front_20260221T110059.parquet,1928,1928,APPLY_NEXT10|APPLY_PREV,/Volumes/Data/Bareket/experiments/reptilearn4/PV82/20260221/block4/videos/manual_labels/front_20260221T110059/images/train/front_20260221T110059_f0001928.png,/Volumes/Data/Bareket/experiments/reptilearn4/PV82/20260221/block4/videos/manual_labels/front_20260221T110059/labels/train/front_20260221T110059_f0001928.txt
2026-02-23T14:50:37.217263Z,/Volumes/Data/Bareket/experiments/reptilearn4/PV82/20260221/block4/videos/front_20260221T110059.mp4,/Volumes/Data/Bareket/experiments/reptilearn4/PV82/20260221/block4/videos/predictions/front_head_only_resnet_152__front_20260221T110059.parquet,1936,1936,nose_cam,/Volumes/Data/Bareket/experiments/reptilearn4/PV82/20260221/block4/videos/manual_labels/front_20260221T110059/images/train/front_20260221T110059_f0001936.png,/Volumes/Data/Bareket/experiments/reptilearn4/PV82/20260221/block4/videos/manual_labels/front_20260221T110059/labels/train/front_20260221T110059_f0001936.txt
2026-02-23T14:50:41.559900Z,/Volumes/Data/Bareket/experiments/reptilearn4/PV82/20260221/block4/videos/front_20260221T110059.mp4,/Volumes/Data/Bareket/experiments/reptilearn4/PV82/20260221/block4/videos/predictions/front_head_only_resnet_152__front_20260221T110059.parquet,1937,1937,APPLY_NEXT10|nose_cam,/Volumes/Data/Bareket/experiments/reptilearn4/PV82/20260221/block4/videos/manual_labels/front_20260221T110059/images/train/front_20260221T110059_f0001937.png,/Volumes/Data/Bareket/experiments/reptilearn4/PV82/20260221/block4/videos/manual_labels/front_20260221T110059/labels/train/front_20260221T110059_f0001937.txt
2026-02-23T14:50:46.360360Z,/Volumes/Data/Bareket/experiments/reptilearn4/PV82/20260221/block4/videos/front_20260221T110059.mp4,/Volumes/Data/Bareket/experiments/reptilearn4/PV82/20260221/block4/videos/predictions/front_head_only_resnet_152__front_20260221T110059.parquet,1938,1938,APPLY_NEXT10|nose_cam,/Volumes/Data/Bareket/experiments/reptilearn4/PV82/20260221/block4/videos/manual_labels/front_20260221T110059/images/train/front_20260221T110059_f0001938.png,/Volumes/Data/Bareket/experiments/reptilearn4/PV82/20260221/block4/videos/manual_labels/front_20260221T110059/labels/train/front_20260221T110059_f0001938.txt
2026-02-23T14:50:51.439973Z,/Volumes/Data/Bareket/experiments/reptilearn4/PV82/20260221/block4/videos/front_20260221T110059.mp4,/Volumes/Data/Bareket/experiments/reptilearn4/PV82/20260221/block4/videos/predictions/front_head_only_resnet_152__front_20260221T110059.parquet,1939,1939,APPLY_NEXT10|nose_cam,/Volumes/Data/Bareket/experiments/reptilearn4/PV82/20260221/block4/videos/manual_labels/front_20260221T110059/images/train/front_20260221T110059_f0001939.png,/Volumes/Data/Bareket/experiments/reptilearn4/PV82/20260221/block4/videos/manual_labels/front_20260221T110059/labels/train/front_20260221T110059_f0001939.txt
2026-02-23T14:50:56.728968Z,/Volumes/Data/Bareket/experiments/reptilearn4/PV82/20260221/block4/videos/front_20260221T110059.mp4,/Volumes/Data/Bareket/experiments/reptilearn4/PV82/20260221/block4/videos/predictions/front_head_only_resnet_152__front_20260221T110059.parquet,1940,1940,APPLY_NEXT10|APPLY_PREV,/Volumes/Data/Bareket/experiments/reptilearn4/PV82/20260221/block4/videos/manual_labels/front_20260221T110059/images/train/front_20260221T110059_f0001940.png,/Volumes/Data/Bareket/experiments/reptilearn4/PV82/20260221/block4/videos/manual_labels/front_20260221T110059/labels/train/front_20260221T110059_f0001940.txt
2026-02-23T14:51:02.427864Z,/Volumes/Data/Bareket/experiments/reptilearn4/PV82/20260221/block4/videos/front_20260221T110059.mp4,/Volumes/Data/Bareket/experiments/reptilearn4/PV82/20260221/block4/videos/predictions/front_head_only_resnet_152__front_20260221T110059.parquet,1941,1941,APPLY_NEXT10|APPLY_PREV|left_ear_cam|mid_ears_cam|nose_cam|right_ear_cam,/Volumes/Data/Bareket/experiments/reptilearn4/PV82/20260221/block4/videos/manual_labels/front_20260221T110059/images/train/front_20260221T110059_f0001941.png,/Volumes/Data/Bareket/experiments/reptilearn4/PV82/20260221/block4/videos/manual_labels/front_20260221T110059/labels/train/front_20260221T110059_f0001941.txt
2026-02-23T14:51:08.394317Z,/Volumes/Data/Bareket/experiments/reptilearn4/PV82/20260221/block4/videos/front_20260221T110059.mp4,/Volumes/Data/Bareket/experiments/reptilearn4/PV82/20260221/block4/videos/predictions/front_head_only_resnet_152__front_20260221T110059.parquet,1942,1942,APPLY_NEXT10|APPLY_PREV,/Volumes/Data/Bareket/experiments/reptilearn4/PV82/20260221/block4/videos/manual_labels/front_20260221T110059/images/train/front_20260221T110059_f0001942.png,/Volumes/Data/Bareket/experiments/reptilearn4/PV82/20260221/block4/videos/manual_labels/front_20260221T110059/labels/train/front_20260221T110059_f0001942.txt
2026-02-23T14:51:14.000776Z,/Volumes/Data/Bareket/experiments/reptilearn4/PV82/20260221/block4/videos/front_20260221T110059.mp4,/Volumes/Data/Bareket/experiments/reptilearn4/PV82/20260221/block4/videos/predictions/front_head_only_resnet_152__front_20260221T110059.parquet,1943,1943,APPLY_NEXT10|APPLY_PREV|left_ear_cam|mid_ears_cam|nose_cam|right_ear_cam,/Volumes/Data/Bareket/experiments/reptilearn4/PV82/20260221/block4/videos/manual_labels/front_20260221T110059/images/train/front_20260221T110059_f0001943.png,/Volumes/Data/Bareket/experiments/reptilearn4/PV82/20260221/block4/videos/manual_labels/front_20260221T110059/labels/train/front_20260221T110059_f0001943.txt
2026-02-23T14:51:18.979056Z,/Volumes/Data/Bareket/experiments/reptilearn4/PV82/20260221/block4/videos/front_20260221T110059.mp4,/Volumes/Data/Bareket/experiments/reptilearn4/PV82/20260221/block4/videos/predictions/front_head_only_resnet_152__front_20260221T110059.parquet,1944,1944,APPLY_NEXT10|APPLY_PREV,/Volumes/Data/Bareket/experiments/reptilearn4/PV82/20260221/block4/videos/manual_labels/front_20260221T110059/images/train/front_20260221T110059_f0001944.png,/Volumes/Data/Bareket/experiments/reptilearn4/PV82/20260221/block4/videos/manual_labels/front_20260221T110059/labels/train/front_20260221T110059_f0001944.txt
2026-02-23T14:51:23.807214Z,/Volumes/Data/Bareket/experiments/reptilearn4/PV82/20260221/block4/videos/front_20260221T110059.mp4,/Volumes/Data/Bareket/experiments/reptilearn4/PV82/20260221/block4/videos/predictions/front_head_only_resnet_152__front_20260221T110059.parquet,1945,1945,APPLY_NEXT10|APPLY_PREV|left_ear_cam|mid_ears_cam|right_ear_cam,/Volumes/Data/Bareket/experiments/reptilearn4/PV82/20260221/block4/videos/manual_labels/front_20260221T110059/images/train/front_20260221T110059_f0001945.png,/Volumes/Data/Bareket/experiments/reptilearn4/PV82/20260221/block4/videos/manual_labels/front_20260221T110059/labels/train/front_20260221T110059_f0001945.txt
2026-02-23T14:51:28.971333Z,/Volumes/Data/Bareket/experiments/reptilearn4/PV82/20260221/block4/videos/front_20260221T110059.mp4,/Volumes/Data/Bareket/experiments/reptilearn4/PV82/20260221/block4/videos/predictions/front_head_only_resnet_152__front_20260221T110059.parquet,1946,1946,APPLY_NEXT10|APPLY_PREV|mid_ears_cam|nose_cam|right_ear_cam,/Volumes/Data/Bareket/experiments/reptilearn4/PV82/20260221/block4/videos/manual_labels/front_20260221T110059/images/train/front_20260221T110059_f0001946.png,/Volumes/Data/Bareket/experiments/reptilearn4/PV82/20260221/block4/videos/manual_labels/front_20260221T110059/labels/train/front_20260221T110059_f0001946.txt
2026-02-23T14:51:34.079070Z,/Volumes/Data/Bareket/experiments/reptilearn4/PV82/20260221/block4/videos/front_20260221T110059.mp4,/Volumes/Data/Bareket/experiments/reptilearn4/PV82/20260221/block4/videos/predictions/front_head_only_resnet_152__front_20260221T110059.parquet,1947,1947,nose_cam,/Volumes/Data/Bareket/experiments/reptilearn4/PV82/20260221/block4/videos/manual_labels/front_20260221T110059/images/train/front_20260221T110059_f0001947.png,/Volumes/Data/Bareket/experiments/reptilearn4/PV82/20260221/block4/videos/manual_labels/front_20260221T110059/labels/train/front_20260221T110059_f0001947.txt
2026-02-22T11:40:01.347939Z,/Volumes/Data/Bareket/experiments/reptilearn4/PV82/20260221/block5/videos/front_20260221T120006.mp4,/Volumes/Data/Bareket/experiments/reptilearn4/PV82/20260221/block5/videos/predictions/front_head_only_resnet_152__front_20260221T120006.parquet,92,92,mid_ears_cam,/Volumes/Data/Bareket/experiments/reptilearn4/PV82/20260221/block5/videos/manual_labels/front_20260221T120006/images/train/front_20260221T120006_f0000092.png,/Volumes/Data/Bareket/experiments/reptilearn4/PV82/20260221/block5/videos/manual_labels/front_20260221T120006/labels/train/front_20260221T120006_f0000092.txt
2026-02-22T11:40:25.680280Z,/Volumes/Data/Bareket/experiments/reptilearn4/PV82/20260221/block5/videos/front_20260221T120006.mp4,/Volumes/Data/Bareket/experiments/reptilearn4/PV82/20260221/block5/videos/predictions/front_head_only_resnet_152__front_20260221T120006.parquet,92,92,left_ear_cam,/Volumes/Data/Bareket/experiments/reptilearn4/PV82/20260221/block5/videos/manual_labels/front_20260221T120006/images/train/front_20260221T120006_f0000092.png,/Volumes/Data/Bareket/experiments/reptilearn4/PV82/20260221/block5/videos/manual_labels/front_20260221T120006/labels/train/front_20260221T120006_f0000092.txt
2026-02-22T11:41:18.495032Z,/Volumes/Data/Bareket/experiments/reptilearn4/PV82/20260221/block5/videos/front_20260221T120006.mp4,/Volumes/Data/Bareket/experiments/reptilearn4/PV82/20260221/block5/videos/predictions/front_head_only_resnet_152__front_20260221T120006.parquet,92,92,left_ear_cam,/Volumes/Data/Bareket/experiments/reptilearn4/PV82/20260221/block5/videos/manual_labels/front_20260221T120006/images/train/front_20260221T120006_f0000092.png,/Volumes/Data/Bareket/experiments/reptilearn4/PV82/20260221/block5/videos/manual_labels/front_20260221T120006/labels/train/front_20260221T120006_f0000092.txt
2026-02-22T11:41:32.340939Z,/Volumes/Data/Bareket/experiments/reptilearn4/PV82/20260221/block5/videos/front_20260221T120006.mp4,/Volumes/Data/Bareket/experiments/reptilearn4/PV82/20260221/block5/videos/predictions/front_head_only_resnet_152__front_20260221T120006.parquet,92,92,right_ear_cam,/Volumes/Data/Bareket/experiments/reptilearn4/PV82/20260221/block5/videos/manual_labels/front_20260221T120006/images/train/front_20260221T120006_f0000092.png,/Volumes/Data/Bareket/experiments/reptilearn4/PV82/20260221/block5/videos/manual_labels/front_20260221T120006/labels/train/front_20260221T120006_f0000092.txt
2026-02-22T11:41:48.542848Z,/Volumes/Data/Bareket/experiments/reptilearn4/PV82/20260221/block5/videos/front_20260221T120006.mp4,/Volumes/Data/Bareket/experiments/reptilearn4/PV82/20260221/block5/videos/predictions/front_head_only_resnet_152__front_20260221T120006.parquet,92,92,mid_ears_cam,/Volumes/Data/Bareket/experiments/reptilearn4/PV82/20260221/block5/videos/manual_labels/front_20260221T120006/images/train/front_20260221T120006_f0000092.png,/Volumes/Data/Bareket/experiments/reptilearn4/PV82/20260221/block5/videos/manual_labels/front_20260221T120006/labels/train/front_20260221T120006_f0000092.txt
2026-02-22T11:42:05.593639Z,/Volumes/Data/Bareket/experiments/reptilearn4/PV82/20260221/block5/videos/front_20260221T120006.mp4,/Volumes/Data/Bareket/experiments/reptilearn4/PV82/20260221/block5/videos/predictions/front_head_only_resnet_152__front_20260221T120006.parquet,92,92,right_ear_cam,/Volumes/Data/Bareket/experiments/reptilearn4/PV82/20260221/block5/videos/manual_labels/front_20260221T120006/images/train/front_20260221T120006_f0000092.png,/Volumes/Data/Bareket/experiments/reptilearn4/PV82/20260221/block5/videos/manual_labels/front_20260221T120006/labels/train/front_20260221T120006_f0000092.txt
2026-02-22T11:42:20.770525Z,/Volumes/Data/Bareket/experiments/reptilearn4/PV82/20260221/block5/videos/front_20260221T120006.mp4,/Volumes/Data/Bareket/experiments/reptilearn4/PV82/20260221/block5/videos/predictions/front_head_only_resnet_152__front_20260221T120006.parquet,92,92,mid_ears_cam,/Volumes/Data/Bareket/experiments/reptilearn4/PV82/20260221/block5/videos/manual_labels/front_20260221T120006/images/train/front_20260221T120006_f0000092.png,/Volumes/Data/Bareket/experiments/reptilearn4/PV82/20260221/block5/videos/manual_labels/front_20260221T120006/labels/train/front_20260221T120006_f0000092.txt
